DROP TABLE IF EXISTS translations;
CREATE TABLE translations (
    transCode VARCHAR PRIMARY KEY,
    name VARCHAR,
    sourceUrl VARCHAR,
    copyright VARCHAR
);
BEGIN;

INSERT INTO translations VALUES ('rus', 'Синодальный перевод ??', 'http://bibleonline/bible/rus/', '');
INSERT INTO translations VALUES ('bel', 'Беларускі пераклад ??', 'http://bibleonline/bible/bel/', '');

COMMIT;



DROP TABLE IF EXISTS translationLangs;
CREATE TABLE translationLangs (
    transCode VARCHAR,
    langCode VARCHAR,
    PRIMARY KEY (transCode, langCode)
);
BEGIN;

INSERT INTO translationLangs VALUES ('rus', 'u');
INSERT INTO translationLangs VALUES ('bel', 'bel');

COMMIT;



DROP TABLE IF EXISTS books;
CREATE TABLE books (
    transCode VARCHAR,
    langCode VARCHAR,
    bookCode VARCHAR,
    bookNo INTEGER,
    bookName VARCHAR,
    PRIMARY KEY (transCode, langCode, bookCode)
);
BEGIN;

INSERT INTO books VALUES ('rus', 'u', 'ge',    1, 'Бытие');
INSERT INTO books VALUES ('rus', 'u', 'ex',    2, 'Исход');
INSERT INTO books VALUES ('rus', 'u', 'le',    3, 'Левит');
INSERT INTO books VALUES ('rus', 'u', 'nu',    4, 'Числа');
INSERT INTO books VALUES ('rus', 'u', 'de',    5, 'Второзаконие');
INSERT INTO books VALUES ('rus', 'u', 'jos',   6, 'Иисуса Навина');
INSERT INTO books VALUES ('rus', 'u', 'jg',    7, 'Судей');
INSERT INTO books VALUES ('rus', 'u', 'ru',    8, 'Руфь');
INSERT INTO books VALUES ('rus', 'u', '1sa',   9, '1 Царств');
INSERT INTO books VALUES ('rus', 'u', '2sa',  10, '2 книга Царств');
INSERT INTO books VALUES ('rus', 'u', '1ki',  11, '3 книга Царств');
INSERT INTO books VALUES ('rus', 'u', '2ki',  12, '4 книга Царств');
INSERT INTO books VALUES ('rus', 'u', '1ch',  13, '1 Паралипоменон');
INSERT INTO books VALUES ('rus', 'u', '2ch',  14, '2 Паралипоменон');
INSERT INTO books VALUES ('rus', 'u', 'ezr',  15, 'Ездра');
INSERT INTO books VALUES ('rus', 'u', 'ne',   16, 'Неемия');
INSERT INTO books VALUES ('rus', 'u', 'es',   17, 'Есфирь');
INSERT INTO books VALUES ('rus', 'u', 'job',  18, 'Иов');
INSERT INTO books VALUES ('rus', 'u', 'ps',   19, 'Псалтирь');
INSERT INTO books VALUES ('rus', 'u', 'pr',   20, 'Притчи');
INSERT INTO books VALUES ('rus', 'u', 'ec',   21, 'Екклесиаст');
INSERT INTO books VALUES ('rus', 'u', 'ca',   22, 'Песня Песней');
INSERT INTO books VALUES ('rus', 'u', 'isa',  23, 'Исаия');
INSERT INTO books VALUES ('rus', 'u', 'jer',  24, 'Иеремия');
INSERT INTO books VALUES ('rus', 'u', 'la',   25, 'Плач Иеремии');
INSERT INTO books VALUES ('rus', 'u', 'eze',  26, 'Иезекииль');
INSERT INTO books VALUES ('rus', 'u', 'da',   27, 'Даниил');
INSERT INTO books VALUES ('rus', 'u', 'ho',   28, 'Осия');
INSERT INTO books VALUES ('rus', 'u', 'joe',  29, 'Иоиль');
INSERT INTO books VALUES ('rus', 'u', 'am',   30, 'Амос');
INSERT INTO books VALUES ('rus', 'u', 'ob',   31, 'Авдий');
INSERT INTO books VALUES ('rus', 'u', 'jon',  32, 'Иона');
INSERT INTO books VALUES ('rus', 'u', 'mic',  33, 'Михей');
INSERT INTO books VALUES ('rus', 'u', 'na',   34, 'Наум');
INSERT INTO books VALUES ('rus', 'u', 'hab',  35, 'Аввакум');
INSERT INTO books VALUES ('rus', 'u', 'zep',  36, 'Софония');
INSERT INTO books VALUES ('rus', 'u', 'hag',  37, 'Аггей');
INSERT INTO books VALUES ('rus', 'u', 'zec',  38, 'Захария');
INSERT INTO books VALUES ('rus', 'u', 'mal',  39, 'Малахия');
INSERT INTO books VALUES ('rus', 'u', 'mt',   40, 'Евангелие от Матфея');
INSERT INTO books VALUES ('rus', 'u', 'mr',   41, 'Евангелие от Марка');
INSERT INTO books VALUES ('rus', 'u', 'lu',   42, 'Евангелие от Луки');
INSERT INTO books VALUES ('rus', 'u', 'joh',  43, 'Евангелие от Иоанна');
INSERT INTO books VALUES ('rus', 'u', 'ac',   44, 'Деяния Апостолов');
INSERT INTO books VALUES ('rus', 'u', 'jas',  45, 'Иакова');
INSERT INTO books VALUES ('rus', 'u', '1pe',  46, '1 Петра');
INSERT INTO books VALUES ('rus', 'u', '2pe',  47, '2 Петра');
INSERT INTO books VALUES ('rus', 'u', '1jo',  48, '1 Иоанна');
INSERT INTO books VALUES ('rus', 'u', '2jo',  49, '2 Иоанна');
INSERT INTO books VALUES ('rus', 'u', '3jo',  50, '3 Иоанна');
INSERT INTO books VALUES ('rus', 'u', 'jude', 51, 'Иуды');
INSERT INTO books VALUES ('rus', 'u', 'ro',   52, 'Римлянам');
INSERT INTO books VALUES ('rus', 'u', '1co',  53, '1 Коринфянам');
INSERT INTO books VALUES ('rus', 'u', '2co',  54, '2 Коринфянам');
INSERT INTO books VALUES ('rus', 'u', 'ga',   55, 'Галатам');
INSERT INTO books VALUES ('rus', 'u', 'eph',  56, 'Ефесянам');
INSERT INTO books VALUES ('rus', 'u', 'php',  57, 'Филиппийцам');
INSERT INTO books VALUES ('rus', 'u', 'col',  58, 'Колоссянам');
INSERT INTO books VALUES ('rus', 'u', '1th',  59, '1 Фессалоникийцам');
INSERT INTO books VALUES ('rus', 'u', '2th',  60, '2 Фессалоникийцам');
INSERT INTO books VALUES ('rus', 'u', '1ti',  61, '1 Тимофею');
INSERT INTO books VALUES ('rus', 'u', '2ti',  62, '2 Тимофею');
INSERT INTO books VALUES ('rus', 'u', 'tit',  63, 'Титу');
INSERT INTO books VALUES ('rus', 'u', 'phm',  64, 'Филимону');
INSERT INTO books VALUES ('rus', 'u', 'heb',  65, 'Евреям');
INSERT INTO books VALUES ('rus', 'u', 're',   66, 'Откровение Иоанна Богослова');
INSERT INTO books VALUES ('bel', 'bel', 'ge',    1, 'Быцьцё');
INSERT INTO books VALUES ('bel', 'bel', 'ex',    2, 'Выхад');
INSERT INTO books VALUES ('bel', 'bel', 'le',    3, 'Лявіт');
INSERT INTO books VALUES ('bel', 'bel', 'nu',    4, 'Лікі');
INSERT INTO books VALUES ('bel', 'bel', 'de',    5, 'Другі закон');
INSERT INTO books VALUES ('bel', 'bel', 'jos',   6, 'Ісус Нав');
INSERT INTO books VALUES ('bel', 'bel', 'jg',    7, 'Кніга Судзьдзяў');
INSERT INTO books VALUES ('bel', 'bel', 'ru',    8, 'Рут');
INSERT INTO books VALUES ('bel', 'bel', '1sa',   9, 'Першая Царстваў');
INSERT INTO books VALUES ('bel', 'bel', '2sa',  10, 'Другая Царстваў');
INSERT INTO books VALUES ('bel', 'bel', '1ki',  11, 'Трэйцяя Царстваў');
INSERT INTO books VALUES ('bel', 'bel', '2ki',  12, 'Чацьвёртая Царстваў');
INSERT INTO books VALUES ('bel', 'bel', '1ch',  13, 'Першая Летапісаў');
INSERT INTO books VALUES ('bel', 'bel', '2ch',  14, 'Другая Летапісаў');
INSERT INTO books VALUES ('bel', 'bel', 'ezr',  15, 'Эздра');
INSERT INTO books VALUES ('bel', 'bel', 'ne',   16, 'Нээмія');
INSERT INTO books VALUES ('bel', 'bel', 'es',   17, 'Эстэр');
INSERT INTO books VALUES ('bel', 'bel', 'job',  18, 'Ёв');
INSERT INTO books VALUES ('bel', 'bel', 'ps',   19, 'Псалтыр');
INSERT INTO books VALUES ('bel', 'bel', 'pr',   20, 'Выслоўі');
INSERT INTO books VALUES ('bel', 'bel', 'ec',   21, 'Эклезіяст');
INSERT INTO books VALUES ('bel', 'bel', 'ca',   22, 'Песьня');
INSERT INTO books VALUES ('bel', 'bel', 'isa',  23, 'Ісая');
INSERT INTO books VALUES ('bel', 'bel', 'jer',  24, 'Ерамія');
INSERT INTO books VALUES ('bel', 'bel', 'la',   25, 'Плач');
INSERT INTO books VALUES ('bel', 'bel', 'eze',  26, 'Езэкііль');
INSERT INTO books VALUES ('bel', 'bel', 'da',   27, 'Данііл');
INSERT INTO books VALUES ('bel', 'bel', 'ho',   28, 'Асія');
INSERT INTO books VALUES ('bel', 'bel', 'joe',  29, 'Ёіль');
INSERT INTO books VALUES ('bel', 'bel', 'am',   30, 'Амос');
INSERT INTO books VALUES ('bel', 'bel', 'ob',   31, 'Аўдзей');
INSERT INTO books VALUES ('bel', 'bel', 'jon',  32, 'Ёна');
INSERT INTO books VALUES ('bel', 'bel', 'mic',  33, 'Міхей');
INSERT INTO books VALUES ('bel', 'bel', 'na',   34, 'Навум');
INSERT INTO books VALUES ('bel', 'bel', 'hab',  35, 'Абакум');
INSERT INTO books VALUES ('bel', 'bel', 'zep',  36, 'Сафон');
INSERT INTO books VALUES ('bel', 'bel', 'hag',  37, 'Агей');
INSERT INTO books VALUES ('bel', 'bel', 'zec',  38, 'Захарыя');
INSERT INTO books VALUES ('bel', 'bel', 'mal',  39, 'Малахія');
INSERT INTO books VALUES ('bel', 'bel', 'mt',   40, 'Паводле Мацьвея');
INSERT INTO books VALUES ('bel', 'bel', 'mr',   41, 'Паводле Марка');
INSERT INTO books VALUES ('bel', 'bel', 'lu',   42, 'Паводле Лукаша');
INSERT INTO books VALUES ('bel', 'bel', 'joh',  43, 'Паводле Яна');
INSERT INTO books VALUES ('bel', 'bel', 'ac',   44, 'Дзеі');
INSERT INTO books VALUES ('bel', 'bel', 'jas',  45, 'Якава');
INSERT INTO books VALUES ('bel', 'bel', '1pe',  46, 'Першае Пятра');
INSERT INTO books VALUES ('bel', 'bel', '2pe',  47, 'Другое Пятра');
INSERT INTO books VALUES ('bel', 'bel', '1jo',  48, 'Першае Яна');
INSERT INTO books VALUES ('bel', 'bel', '2jo',  49, 'Другое Яна');
INSERT INTO books VALUES ('bel', 'bel', '3jo',  50, 'Трэйцяе Яна');
INSERT INTO books VALUES ('bel', 'bel', 'jude', 51, 'Юда');
INSERT INTO books VALUES ('bel', 'bel', 'ro',   52, 'Да Рымлянаў');
INSERT INTO books VALUES ('bel', 'bel', '1co',  53, 'Першае да Карынфянаў');
INSERT INTO books VALUES ('bel', 'bel', '2co',  54, 'Другое да Карынфянаў');
INSERT INTO books VALUES ('bel', 'bel', 'ga',   55, 'Да Галятаў');
INSERT INTO books VALUES ('bel', 'bel', 'eph',  56, 'Да Эфэсянаў');
INSERT INTO books VALUES ('bel', 'bel', 'php',  57, 'Да Піліпянаў');
INSERT INTO books VALUES ('bel', 'bel', 'col',  58, 'Да Каласянаў');
INSERT INTO books VALUES ('bel', 'bel', '1th',  59, 'Першае да Фесаланікійцаў');
INSERT INTO books VALUES ('bel', 'bel', '2th',  60, 'Другое да Фесаланікійцаў');
INSERT INTO books VALUES ('bel', 'bel', '1ti',  61, 'Першае да Цімафея');
INSERT INTO books VALUES ('bel', 'bel', '2ti',  62, 'Другое да Цімафея');
INSERT INTO books VALUES ('bel', 'bel', 'tit',  63, 'Да Ціта');
INSERT INTO books VALUES ('bel', 'bel', 'phm',  64, 'Да Філімона');
INSERT INTO books VALUES ('bel', 'bel', 'heb',  65, 'Да Габрэяў');
INSERT INTO books VALUES ('bel', 'bel', 're',   66, 'Адкрыцьцё');

COMMIT;



DROP TABLE IF EXISTS chapterSize;
CREATE TABLE chapterSize (
    transCode VARCHAR,
    bookCode VARCHAR,
    chapterNo INTEGER,
    verseCount INTEGER,
    PRIMARY KEY (transCode, bookCode, chapterNo)
);
BEGIN;

INSERT INTO chapterSize VALUES ('rus', 'ge'  , 001, 031);
INSERT INTO chapterSize VALUES ('rus', 'ge'  , 002, 025);
INSERT INTO chapterSize VALUES ('rus', 'ge'  , 003, 024);
INSERT INTO chapterSize VALUES ('rus', 'ge'  , 004, 026);
INSERT INTO chapterSize VALUES ('rus', 'ge'  , 005, 032);
INSERT INTO chapterSize VALUES ('rus', 'ge'  , 006, 022);
INSERT INTO chapterSize VALUES ('rus', 'ge'  , 007, 024);
INSERT INTO chapterSize VALUES ('rus', 'ge'  , 008, 022);
INSERT INTO chapterSize VALUES ('rus', 'ge'  , 009, 029);
INSERT INTO chapterSize VALUES ('rus', 'ge'  , 010, 032);
INSERT INTO chapterSize VALUES ('rus', 'ge'  , 011, 032);
INSERT INTO chapterSize VALUES ('rus', 'ge'  , 012, 020);
INSERT INTO chapterSize VALUES ('rus', 'ge'  , 013, 018);
INSERT INTO chapterSize VALUES ('rus', 'ge'  , 014, 024);
INSERT INTO chapterSize VALUES ('rus', 'ge'  , 015, 021);
INSERT INTO chapterSize VALUES ('rus', 'ge'  , 016, 016);
INSERT INTO chapterSize VALUES ('rus', 'ge'  , 017, 027);
INSERT INTO chapterSize VALUES ('rus', 'ge'  , 018, 033);
INSERT INTO chapterSize VALUES ('rus', 'ge'  , 019, 038);
INSERT INTO chapterSize VALUES ('rus', 'ge'  , 020, 018);
INSERT INTO chapterSize VALUES ('rus', 'ge'  , 021, 034);
INSERT INTO chapterSize VALUES ('rus', 'ge'  , 022, 024);
INSERT INTO chapterSize VALUES ('rus', 'ge'  , 023, 020);
INSERT INTO chapterSize VALUES ('rus', 'ge'  , 024, 067);
INSERT INTO chapterSize VALUES ('rus', 'ge'  , 025, 034);
INSERT INTO chapterSize VALUES ('rus', 'ge'  , 026, 035);
INSERT INTO chapterSize VALUES ('rus', 'ge'  , 027, 046);
INSERT INTO chapterSize VALUES ('rus', 'ge'  , 028, 022);
INSERT INTO chapterSize VALUES ('rus', 'ge'  , 029, 035);
INSERT INTO chapterSize VALUES ('rus', 'ge'  , 030, 043);
INSERT INTO chapterSize VALUES ('rus', 'ge'  , 031, 055);
INSERT INTO chapterSize VALUES ('rus', 'ge'  , 032, 032);
INSERT INTO chapterSize VALUES ('rus', 'ge'  , 033, 020);
INSERT INTO chapterSize VALUES ('rus', 'ge'  , 034, 031);
INSERT INTO chapterSize VALUES ('rus', 'ge'  , 035, 029);
INSERT INTO chapterSize VALUES ('rus', 'ge'  , 036, 043);
INSERT INTO chapterSize VALUES ('rus', 'ge'  , 037, 036);
INSERT INTO chapterSize VALUES ('rus', 'ge'  , 038, 030);
INSERT INTO chapterSize VALUES ('rus', 'ge'  , 039, 023);
INSERT INTO chapterSize VALUES ('rus', 'ge'  , 040, 023);
INSERT INTO chapterSize VALUES ('rus', 'ge'  , 041, 057);
INSERT INTO chapterSize VALUES ('rus', 'ge'  , 042, 038);
INSERT INTO chapterSize VALUES ('rus', 'ge'  , 043, 034);
INSERT INTO chapterSize VALUES ('rus', 'ge'  , 044, 034);
INSERT INTO chapterSize VALUES ('rus', 'ge'  , 045, 028);
INSERT INTO chapterSize VALUES ('rus', 'ge'  , 046, 034);
INSERT INTO chapterSize VALUES ('rus', 'ge'  , 047, 031);
INSERT INTO chapterSize VALUES ('rus', 'ge'  , 048, 022);
INSERT INTO chapterSize VALUES ('rus', 'ge'  , 049, 033);
INSERT INTO chapterSize VALUES ('rus', 'ge'  , 050, 026);
INSERT INTO chapterSize VALUES ('rus', 'ex'  , 001, 022);
INSERT INTO chapterSize VALUES ('rus', 'ex'  , 002, 025);
INSERT INTO chapterSize VALUES ('rus', 'ex'  , 003, 022);
INSERT INTO chapterSize VALUES ('rus', 'ex'  , 004, 031);
INSERT INTO chapterSize VALUES ('rus', 'ex'  , 005, 023);
INSERT INTO chapterSize VALUES ('rus', 'ex'  , 006, 030);
INSERT INTO chapterSize VALUES ('rus', 'ex'  , 007, 025);
INSERT INTO chapterSize VALUES ('rus', 'ex'  , 008, 032);
INSERT INTO chapterSize VALUES ('rus', 'ex'  , 009, 035);
INSERT INTO chapterSize VALUES ('rus', 'ex'  , 010, 029);
INSERT INTO chapterSize VALUES ('rus', 'ex'  , 011, 010);
INSERT INTO chapterSize VALUES ('rus', 'ex'  , 012, 051);
INSERT INTO chapterSize VALUES ('rus', 'ex'  , 013, 022);
INSERT INTO chapterSize VALUES ('rus', 'ex'  , 014, 031);
INSERT INTO chapterSize VALUES ('rus', 'ex'  , 015, 027);
INSERT INTO chapterSize VALUES ('rus', 'ex'  , 016, 036);
INSERT INTO chapterSize VALUES ('rus', 'ex'  , 017, 016);
INSERT INTO chapterSize VALUES ('rus', 'ex'  , 018, 027);
INSERT INTO chapterSize VALUES ('rus', 'ex'  , 019, 025);
INSERT INTO chapterSize VALUES ('rus', 'ex'  , 020, 026);
INSERT INTO chapterSize VALUES ('rus', 'ex'  , 021, 036);
INSERT INTO chapterSize VALUES ('rus', 'ex'  , 022, 031);
INSERT INTO chapterSize VALUES ('rus', 'ex'  , 023, 033);
INSERT INTO chapterSize VALUES ('rus', 'ex'  , 024, 018);
INSERT INTO chapterSize VALUES ('rus', 'ex'  , 025, 040);
INSERT INTO chapterSize VALUES ('rus', 'ex'  , 026, 037);
INSERT INTO chapterSize VALUES ('rus', 'ex'  , 027, 021);
INSERT INTO chapterSize VALUES ('rus', 'ex'  , 028, 043);
INSERT INTO chapterSize VALUES ('rus', 'ex'  , 029, 046);
INSERT INTO chapterSize VALUES ('rus', 'ex'  , 030, 038);
INSERT INTO chapterSize VALUES ('rus', 'ex'  , 031, 018);
INSERT INTO chapterSize VALUES ('rus', 'ex'  , 032, 035);
INSERT INTO chapterSize VALUES ('rus', 'ex'  , 033, 023);
INSERT INTO chapterSize VALUES ('rus', 'ex'  , 034, 035);
INSERT INTO chapterSize VALUES ('rus', 'ex'  , 035, 035);
INSERT INTO chapterSize VALUES ('rus', 'ex'  , 036, 038);
INSERT INTO chapterSize VALUES ('rus', 'ex'  , 037, 029);
INSERT INTO chapterSize VALUES ('rus', 'ex'  , 038, 031);
INSERT INTO chapterSize VALUES ('rus', 'ex'  , 039, 043);
INSERT INTO chapterSize VALUES ('rus', 'ex'  , 040, 038);
INSERT INTO chapterSize VALUES ('rus', 'le'  , 001, 017);
INSERT INTO chapterSize VALUES ('rus', 'le'  , 002, 016);
INSERT INTO chapterSize VALUES ('rus', 'le'  , 003, 017);
INSERT INTO chapterSize VALUES ('rus', 'le'  , 004, 035);
INSERT INTO chapterSize VALUES ('rus', 'le'  , 005, 019);
INSERT INTO chapterSize VALUES ('rus', 'le'  , 006, 030);
INSERT INTO chapterSize VALUES ('rus', 'le'  , 007, 038);
INSERT INTO chapterSize VALUES ('rus', 'le'  , 008, 036);
INSERT INTO chapterSize VALUES ('rus', 'le'  , 009, 024);
INSERT INTO chapterSize VALUES ('rus', 'le'  , 010, 020);
INSERT INTO chapterSize VALUES ('rus', 'le'  , 011, 047);
INSERT INTO chapterSize VALUES ('rus', 'le'  , 012, 008);
INSERT INTO chapterSize VALUES ('rus', 'le'  , 013, 059);
INSERT INTO chapterSize VALUES ('rus', 'le'  , 014, 056);
INSERT INTO chapterSize VALUES ('rus', 'le'  , 015, 033);
INSERT INTO chapterSize VALUES ('rus', 'le'  , 016, 034);
INSERT INTO chapterSize VALUES ('rus', 'le'  , 017, 016);
INSERT INTO chapterSize VALUES ('rus', 'le'  , 018, 030);
INSERT INTO chapterSize VALUES ('rus', 'le'  , 019, 037);
INSERT INTO chapterSize VALUES ('rus', 'le'  , 020, 027);
INSERT INTO chapterSize VALUES ('rus', 'le'  , 021, 024);
INSERT INTO chapterSize VALUES ('rus', 'le'  , 022, 033);
INSERT INTO chapterSize VALUES ('rus', 'le'  , 023, 044);
INSERT INTO chapterSize VALUES ('rus', 'le'  , 024, 023);
INSERT INTO chapterSize VALUES ('rus', 'le'  , 025, 055);
INSERT INTO chapterSize VALUES ('rus', 'le'  , 026, 046);
INSERT INTO chapterSize VALUES ('rus', 'le'  , 027, 034);
INSERT INTO chapterSize VALUES ('rus', 'nu'  , 001, 054);
INSERT INTO chapterSize VALUES ('rus', 'nu'  , 002, 034);
INSERT INTO chapterSize VALUES ('rus', 'nu'  , 003, 051);
INSERT INTO chapterSize VALUES ('rus', 'nu'  , 004, 049);
INSERT INTO chapterSize VALUES ('rus', 'nu'  , 005, 031);
INSERT INTO chapterSize VALUES ('rus', 'nu'  , 006, 027);
INSERT INTO chapterSize VALUES ('rus', 'nu'  , 007, 089);
INSERT INTO chapterSize VALUES ('rus', 'nu'  , 008, 026);
INSERT INTO chapterSize VALUES ('rus', 'nu'  , 009, 023);
INSERT INTO chapterSize VALUES ('rus', 'nu'  , 010, 036);
INSERT INTO chapterSize VALUES ('rus', 'nu'  , 011, 035);
INSERT INTO chapterSize VALUES ('rus', 'nu'  , 012, 015);
INSERT INTO chapterSize VALUES ('rus', 'nu'  , 013, 034);
INSERT INTO chapterSize VALUES ('rus', 'nu'  , 014, 045);
INSERT INTO chapterSize VALUES ('rus', 'nu'  , 015, 041);
INSERT INTO chapterSize VALUES ('rus', 'nu'  , 016, 050);
INSERT INTO chapterSize VALUES ('rus', 'nu'  , 017, 013);
INSERT INTO chapterSize VALUES ('rus', 'nu'  , 018, 032);
INSERT INTO chapterSize VALUES ('rus', 'nu'  , 019, 022);
INSERT INTO chapterSize VALUES ('rus', 'nu'  , 020, 029);
INSERT INTO chapterSize VALUES ('rus', 'nu'  , 021, 035);
INSERT INTO chapterSize VALUES ('rus', 'nu'  , 022, 041);
INSERT INTO chapterSize VALUES ('rus', 'nu'  , 023, 030);
INSERT INTO chapterSize VALUES ('rus', 'nu'  , 024, 025);
INSERT INTO chapterSize VALUES ('rus', 'nu'  , 025, 018);
INSERT INTO chapterSize VALUES ('rus', 'nu'  , 026, 065);
INSERT INTO chapterSize VALUES ('rus', 'nu'  , 027, 023);
INSERT INTO chapterSize VALUES ('rus', 'nu'  , 028, 031);
INSERT INTO chapterSize VALUES ('rus', 'nu'  , 029, 039);
INSERT INTO chapterSize VALUES ('rus', 'nu'  , 030, 017);
INSERT INTO chapterSize VALUES ('rus', 'nu'  , 031, 054);
INSERT INTO chapterSize VALUES ('rus', 'nu'  , 032, 042);
INSERT INTO chapterSize VALUES ('rus', 'nu'  , 033, 056);
INSERT INTO chapterSize VALUES ('rus', 'nu'  , 034, 029);
INSERT INTO chapterSize VALUES ('rus', 'nu'  , 035, 034);
INSERT INTO chapterSize VALUES ('rus', 'nu'  , 036, 013);
INSERT INTO chapterSize VALUES ('rus', 'de'  , 001, 046);
INSERT INTO chapterSize VALUES ('rus', 'de'  , 002, 037);
INSERT INTO chapterSize VALUES ('rus', 'de'  , 003, 029);
INSERT INTO chapterSize VALUES ('rus', 'de'  , 004, 049);
INSERT INTO chapterSize VALUES ('rus', 'de'  , 005, 033);
INSERT INTO chapterSize VALUES ('rus', 'de'  , 006, 025);
INSERT INTO chapterSize VALUES ('rus', 'de'  , 007, 026);
INSERT INTO chapterSize VALUES ('rus', 'de'  , 008, 020);
INSERT INTO chapterSize VALUES ('rus', 'de'  , 009, 029);
INSERT INTO chapterSize VALUES ('rus', 'de'  , 010, 022);
INSERT INTO chapterSize VALUES ('rus', 'de'  , 011, 032);
INSERT INTO chapterSize VALUES ('rus', 'de'  , 012, 032);
INSERT INTO chapterSize VALUES ('rus', 'de'  , 013, 018);
INSERT INTO chapterSize VALUES ('rus', 'de'  , 014, 029);
INSERT INTO chapterSize VALUES ('rus', 'de'  , 015, 023);
INSERT INTO chapterSize VALUES ('rus', 'de'  , 016, 022);
INSERT INTO chapterSize VALUES ('rus', 'de'  , 017, 020);
INSERT INTO chapterSize VALUES ('rus', 'de'  , 018, 022);
INSERT INTO chapterSize VALUES ('rus', 'de'  , 019, 021);
INSERT INTO chapterSize VALUES ('rus', 'de'  , 020, 020);
INSERT INTO chapterSize VALUES ('rus', 'de'  , 021, 023);
INSERT INTO chapterSize VALUES ('rus', 'de'  , 022, 030);
INSERT INTO chapterSize VALUES ('rus', 'de'  , 023, 025);
INSERT INTO chapterSize VALUES ('rus', 'de'  , 024, 022);
INSERT INTO chapterSize VALUES ('rus', 'de'  , 025, 019);
INSERT INTO chapterSize VALUES ('rus', 'de'  , 026, 019);
INSERT INTO chapterSize VALUES ('rus', 'de'  , 027, 026);
INSERT INTO chapterSize VALUES ('rus', 'de'  , 028, 068);
INSERT INTO chapterSize VALUES ('rus', 'de'  , 029, 029);
INSERT INTO chapterSize VALUES ('rus', 'de'  , 030, 020);
INSERT INTO chapterSize VALUES ('rus', 'de'  , 031, 030);
INSERT INTO chapterSize VALUES ('rus', 'de'  , 032, 052);
INSERT INTO chapterSize VALUES ('rus', 'de'  , 033, 029);
INSERT INTO chapterSize VALUES ('rus', 'de'  , 034, 012);
INSERT INTO chapterSize VALUES ('rus', 'jos' , 001, 018);
INSERT INTO chapterSize VALUES ('rus', 'jos' , 002, 024);
INSERT INTO chapterSize VALUES ('rus', 'jos' , 003, 017);
INSERT INTO chapterSize VALUES ('rus', 'jos' , 004, 024);
INSERT INTO chapterSize VALUES ('rus', 'jos' , 005, 016);
INSERT INTO chapterSize VALUES ('rus', 'jos' , 006, 026);
INSERT INTO chapterSize VALUES ('rus', 'jos' , 007, 026);
INSERT INTO chapterSize VALUES ('rus', 'jos' , 008, 035);
INSERT INTO chapterSize VALUES ('rus', 'jos' , 009, 027);
INSERT INTO chapterSize VALUES ('rus', 'jos' , 010, 043);
INSERT INTO chapterSize VALUES ('rus', 'jos' , 011, 023);
INSERT INTO chapterSize VALUES ('rus', 'jos' , 012, 024);
INSERT INTO chapterSize VALUES ('rus', 'jos' , 013, 033);
INSERT INTO chapterSize VALUES ('rus', 'jos' , 014, 015);
INSERT INTO chapterSize VALUES ('rus', 'jos' , 015, 063);
INSERT INTO chapterSize VALUES ('rus', 'jos' , 016, 010);
INSERT INTO chapterSize VALUES ('rus', 'jos' , 017, 018);
INSERT INTO chapterSize VALUES ('rus', 'jos' , 018, 028);
INSERT INTO chapterSize VALUES ('rus', 'jos' , 019, 051);
INSERT INTO chapterSize VALUES ('rus', 'jos' , 020, 009);
INSERT INTO chapterSize VALUES ('rus', 'jos' , 021, 045);
INSERT INTO chapterSize VALUES ('rus', 'jos' , 022, 034);
INSERT INTO chapterSize VALUES ('rus', 'jos' , 023, 016);
INSERT INTO chapterSize VALUES ('rus', 'jos' , 024, 033);
INSERT INTO chapterSize VALUES ('rus', 'jg'  , 001, 036);
INSERT INTO chapterSize VALUES ('rus', 'jg'  , 002, 023);
INSERT INTO chapterSize VALUES ('rus', 'jg'  , 003, 031);
INSERT INTO chapterSize VALUES ('rus', 'jg'  , 004, 024);
INSERT INTO chapterSize VALUES ('rus', 'jg'  , 005, 031);
INSERT INTO chapterSize VALUES ('rus', 'jg'  , 006, 040);
INSERT INTO chapterSize VALUES ('rus', 'jg'  , 007, 025);
INSERT INTO chapterSize VALUES ('rus', 'jg'  , 008, 035);
INSERT INTO chapterSize VALUES ('rus', 'jg'  , 009, 057);
INSERT INTO chapterSize VALUES ('rus', 'jg'  , 010, 018);
INSERT INTO chapterSize VALUES ('rus', 'jg'  , 011, 040);
INSERT INTO chapterSize VALUES ('rus', 'jg'  , 012, 015);
INSERT INTO chapterSize VALUES ('rus', 'jg'  , 013, 025);
INSERT INTO chapterSize VALUES ('rus', 'jg'  , 014, 020);
INSERT INTO chapterSize VALUES ('rus', 'jg'  , 015, 020);
INSERT INTO chapterSize VALUES ('rus', 'jg'  , 016, 031);
INSERT INTO chapterSize VALUES ('rus', 'jg'  , 017, 013);
INSERT INTO chapterSize VALUES ('rus', 'jg'  , 018, 031);
INSERT INTO chapterSize VALUES ('rus', 'jg'  , 019, 030);
INSERT INTO chapterSize VALUES ('rus', 'jg'  , 020, 048);
INSERT INTO chapterSize VALUES ('rus', 'jg'  , 021, 025);
INSERT INTO chapterSize VALUES ('rus', 'ru'  , 001, 022);
INSERT INTO chapterSize VALUES ('rus', 'ru'  , 002, 023);
INSERT INTO chapterSize VALUES ('rus', 'ru'  , 003, 018);
INSERT INTO chapterSize VALUES ('rus', 'ru'  , 004, 022);
INSERT INTO chapterSize VALUES ('rus', '1sa' , 001, 028);
INSERT INTO chapterSize VALUES ('rus', '1sa' , 002, 036);
INSERT INTO chapterSize VALUES ('rus', '1sa' , 003, 021);
INSERT INTO chapterSize VALUES ('rus', '1sa' , 004, 022);
INSERT INTO chapterSize VALUES ('rus', '1sa' , 005, 012);
INSERT INTO chapterSize VALUES ('rus', '1sa' , 006, 021);
INSERT INTO chapterSize VALUES ('rus', '1sa' , 007, 017);
INSERT INTO chapterSize VALUES ('rus', '1sa' , 008, 022);
INSERT INTO chapterSize VALUES ('rus', '1sa' , 009, 027);
INSERT INTO chapterSize VALUES ('rus', '1sa' , 010, 027);
INSERT INTO chapterSize VALUES ('rus', '1sa' , 011, 015);
INSERT INTO chapterSize VALUES ('rus', '1sa' , 012, 025);
INSERT INTO chapterSize VALUES ('rus', '1sa' , 013, 023);
INSERT INTO chapterSize VALUES ('rus', '1sa' , 014, 052);
INSERT INTO chapterSize VALUES ('rus', '1sa' , 015, 035);
INSERT INTO chapterSize VALUES ('rus', '1sa' , 016, 023);
INSERT INTO chapterSize VALUES ('rus', '1sa' , 017, 058);
INSERT INTO chapterSize VALUES ('rus', '1sa' , 018, 030);
INSERT INTO chapterSize VALUES ('rus', '1sa' , 019, 024);
INSERT INTO chapterSize VALUES ('rus', '1sa' , 020, 042);
INSERT INTO chapterSize VALUES ('rus', '1sa' , 021, 015);
INSERT INTO chapterSize VALUES ('rus', '1sa' , 022, 023);
INSERT INTO chapterSize VALUES ('rus', '1sa' , 023, 028);
INSERT INTO chapterSize VALUES ('rus', '1sa' , 024, 023);
INSERT INTO chapterSize VALUES ('rus', '1sa' , 025, 044);
INSERT INTO chapterSize VALUES ('rus', '1sa' , 026, 025);
INSERT INTO chapterSize VALUES ('rus', '1sa' , 027, 012);
INSERT INTO chapterSize VALUES ('rus', '1sa' , 028, 025);
INSERT INTO chapterSize VALUES ('rus', '1sa' , 029, 011);
INSERT INTO chapterSize VALUES ('rus', '1sa' , 030, 031);
INSERT INTO chapterSize VALUES ('rus', '1sa' , 031, 013);
INSERT INTO chapterSize VALUES ('rus', '2sa' , 001, 027);
INSERT INTO chapterSize VALUES ('rus', '2sa' , 002, 032);
INSERT INTO chapterSize VALUES ('rus', '2sa' , 003, 039);
INSERT INTO chapterSize VALUES ('rus', '2sa' , 004, 012);
INSERT INTO chapterSize VALUES ('rus', '2sa' , 005, 025);
INSERT INTO chapterSize VALUES ('rus', '2sa' , 006, 023);
INSERT INTO chapterSize VALUES ('rus', '2sa' , 007, 029);
INSERT INTO chapterSize VALUES ('rus', '2sa' , 008, 018);
INSERT INTO chapterSize VALUES ('rus', '2sa' , 009, 013);
INSERT INTO chapterSize VALUES ('rus', '2sa' , 010, 019);
INSERT INTO chapterSize VALUES ('rus', '2sa' , 011, 027);
INSERT INTO chapterSize VALUES ('rus', '2sa' , 012, 031);
INSERT INTO chapterSize VALUES ('rus', '2sa' , 013, 039);
INSERT INTO chapterSize VALUES ('rus', '2sa' , 014, 033);
INSERT INTO chapterSize VALUES ('rus', '2sa' , 015, 037);
INSERT INTO chapterSize VALUES ('rus', '2sa' , 016, 023);
INSERT INTO chapterSize VALUES ('rus', '2sa' , 017, 029);
INSERT INTO chapterSize VALUES ('rus', '2sa' , 018, 033);
INSERT INTO chapterSize VALUES ('rus', '2sa' , 019, 043);
INSERT INTO chapterSize VALUES ('rus', '2sa' , 020, 026);
INSERT INTO chapterSize VALUES ('rus', '2sa' , 021, 022);
INSERT INTO chapterSize VALUES ('rus', '2sa' , 022, 051);
INSERT INTO chapterSize VALUES ('rus', '2sa' , 023, 039);
INSERT INTO chapterSize VALUES ('rus', '2sa' , 024, 025);
INSERT INTO chapterSize VALUES ('rus', '1ki' , 001, 053);
INSERT INTO chapterSize VALUES ('rus', '1ki' , 002, 046);
INSERT INTO chapterSize VALUES ('rus', '1ki' , 003, 028);
INSERT INTO chapterSize VALUES ('rus', '1ki' , 004, 034);
INSERT INTO chapterSize VALUES ('rus', '1ki' , 005, 018);
INSERT INTO chapterSize VALUES ('rus', '1ki' , 006, 038);
INSERT INTO chapterSize VALUES ('rus', '1ki' , 007, 051);
INSERT INTO chapterSize VALUES ('rus', '1ki' , 008, 066);
INSERT INTO chapterSize VALUES ('rus', '1ki' , 009, 028);
INSERT INTO chapterSize VALUES ('rus', '1ki' , 010, 029);
INSERT INTO chapterSize VALUES ('rus', '1ki' , 011, 043);
INSERT INTO chapterSize VALUES ('rus', '1ki' , 012, 033);
INSERT INTO chapterSize VALUES ('rus', '1ki' , 013, 034);
INSERT INTO chapterSize VALUES ('rus', '1ki' , 014, 031);
INSERT INTO chapterSize VALUES ('rus', '1ki' , 015, 034);
INSERT INTO chapterSize VALUES ('rus', '1ki' , 016, 034);
INSERT INTO chapterSize VALUES ('rus', '1ki' , 017, 024);
INSERT INTO chapterSize VALUES ('rus', '1ki' , 018, 046);
INSERT INTO chapterSize VALUES ('rus', '1ki' , 019, 021);
INSERT INTO chapterSize VALUES ('rus', '1ki' , 020, 043);
INSERT INTO chapterSize VALUES ('rus', '1ki' , 021, 029);
INSERT INTO chapterSize VALUES ('rus', '1ki' , 022, 053);
INSERT INTO chapterSize VALUES ('rus', '2ki' , 001, 018);
INSERT INTO chapterSize VALUES ('rus', '2ki' , 002, 025);
INSERT INTO chapterSize VALUES ('rus', '2ki' , 003, 027);
INSERT INTO chapterSize VALUES ('rus', '2ki' , 004, 044);
INSERT INTO chapterSize VALUES ('rus', '2ki' , 005, 027);
INSERT INTO chapterSize VALUES ('rus', '2ki' , 006, 033);
INSERT INTO chapterSize VALUES ('rus', '2ki' , 007, 020);
INSERT INTO chapterSize VALUES ('rus', '2ki' , 008, 029);
INSERT INTO chapterSize VALUES ('rus', '2ki' , 009, 037);
INSERT INTO chapterSize VALUES ('rus', '2ki' , 010, 036);
INSERT INTO chapterSize VALUES ('rus', '2ki' , 011, 021);
INSERT INTO chapterSize VALUES ('rus', '2ki' , 012, 021);
INSERT INTO chapterSize VALUES ('rus', '2ki' , 013, 025);
INSERT INTO chapterSize VALUES ('rus', '2ki' , 014, 029);
INSERT INTO chapterSize VALUES ('rus', '2ki' , 015, 038);
INSERT INTO chapterSize VALUES ('rus', '2ki' , 016, 020);
INSERT INTO chapterSize VALUES ('rus', '2ki' , 017, 041);
INSERT INTO chapterSize VALUES ('rus', '2ki' , 018, 037);
INSERT INTO chapterSize VALUES ('rus', '2ki' , 019, 037);
INSERT INTO chapterSize VALUES ('rus', '2ki' , 020, 021);
INSERT INTO chapterSize VALUES ('rus', '2ki' , 021, 026);
INSERT INTO chapterSize VALUES ('rus', '2ki' , 022, 020);
INSERT INTO chapterSize VALUES ('rus', '2ki' , 023, 037);
INSERT INTO chapterSize VALUES ('rus', '2ki' , 024, 020);
INSERT INTO chapterSize VALUES ('rus', '2ki' , 025, 030);
INSERT INTO chapterSize VALUES ('rus', '1ch' , 001, 054);
INSERT INTO chapterSize VALUES ('rus', '1ch' , 002, 055);
INSERT INTO chapterSize VALUES ('rus', '1ch' , 003, 024);
INSERT INTO chapterSize VALUES ('rus', '1ch' , 004, 043);
INSERT INTO chapterSize VALUES ('rus', '1ch' , 005, 026);
INSERT INTO chapterSize VALUES ('rus', '1ch' , 006, 081);
INSERT INTO chapterSize VALUES ('rus', '1ch' , 007, 040);
INSERT INTO chapterSize VALUES ('rus', '1ch' , 008, 040);
INSERT INTO chapterSize VALUES ('rus', '1ch' , 009, 044);
INSERT INTO chapterSize VALUES ('rus', '1ch' , 010, 014);
INSERT INTO chapterSize VALUES ('rus', '1ch' , 011, 047);
INSERT INTO chapterSize VALUES ('rus', '1ch' , 012, 040);
INSERT INTO chapterSize VALUES ('rus', '1ch' , 013, 014);
INSERT INTO chapterSize VALUES ('rus', '1ch' , 014, 017);
INSERT INTO chapterSize VALUES ('rus', '1ch' , 015, 029);
INSERT INTO chapterSize VALUES ('rus', '1ch' , 016, 043);
INSERT INTO chapterSize VALUES ('rus', '1ch' , 017, 027);
INSERT INTO chapterSize VALUES ('rus', '1ch' , 018, 017);
INSERT INTO chapterSize VALUES ('rus', '1ch' , 019, 019);
INSERT INTO chapterSize VALUES ('rus', '1ch' , 020, 008);
INSERT INTO chapterSize VALUES ('rus', '1ch' , 021, 030);
INSERT INTO chapterSize VALUES ('rus', '1ch' , 022, 019);
INSERT INTO chapterSize VALUES ('rus', '1ch' , 023, 032);
INSERT INTO chapterSize VALUES ('rus', '1ch' , 024, 031);
INSERT INTO chapterSize VALUES ('rus', '1ch' , 025, 031);
INSERT INTO chapterSize VALUES ('rus', '1ch' , 026, 032);
INSERT INTO chapterSize VALUES ('rus', '1ch' , 027, 034);
INSERT INTO chapterSize VALUES ('rus', '1ch' , 028, 021);
INSERT INTO chapterSize VALUES ('rus', '1ch' , 029, 030);
INSERT INTO chapterSize VALUES ('rus', '2ch' , 001, 017);
INSERT INTO chapterSize VALUES ('rus', '2ch' , 002, 018);
INSERT INTO chapterSize VALUES ('rus', '2ch' , 003, 017);
INSERT INTO chapterSize VALUES ('rus', '2ch' , 004, 022);
INSERT INTO chapterSize VALUES ('rus', '2ch' , 005, 014);
INSERT INTO chapterSize VALUES ('rus', '2ch' , 006, 042);
INSERT INTO chapterSize VALUES ('rus', '2ch' , 007, 022);
INSERT INTO chapterSize VALUES ('rus', '2ch' , 008, 018);
INSERT INTO chapterSize VALUES ('rus', '2ch' , 009, 031);
INSERT INTO chapterSize VALUES ('rus', '2ch' , 010, 019);
INSERT INTO chapterSize VALUES ('rus', '2ch' , 011, 023);
INSERT INTO chapterSize VALUES ('rus', '2ch' , 012, 016);
INSERT INTO chapterSize VALUES ('rus', '2ch' , 013, 022);
INSERT INTO chapterSize VALUES ('rus', '2ch' , 014, 015);
INSERT INTO chapterSize VALUES ('rus', '2ch' , 015, 019);
INSERT INTO chapterSize VALUES ('rus', '2ch' , 016, 014);
INSERT INTO chapterSize VALUES ('rus', '2ch' , 017, 019);
INSERT INTO chapterSize VALUES ('rus', '2ch' , 018, 034);
INSERT INTO chapterSize VALUES ('rus', '2ch' , 019, 011);
INSERT INTO chapterSize VALUES ('rus', '2ch' , 020, 037);
INSERT INTO chapterSize VALUES ('rus', '2ch' , 021, 020);
INSERT INTO chapterSize VALUES ('rus', '2ch' , 022, 012);
INSERT INTO chapterSize VALUES ('rus', '2ch' , 023, 021);
INSERT INTO chapterSize VALUES ('rus', '2ch' , 024, 027);
INSERT INTO chapterSize VALUES ('rus', '2ch' , 025, 028);
INSERT INTO chapterSize VALUES ('rus', '2ch' , 026, 023);
INSERT INTO chapterSize VALUES ('rus', '2ch' , 027, 009);
INSERT INTO chapterSize VALUES ('rus', '2ch' , 028, 027);
INSERT INTO chapterSize VALUES ('rus', '2ch' , 029, 036);
INSERT INTO chapterSize VALUES ('rus', '2ch' , 030, 027);
INSERT INTO chapterSize VALUES ('rus', '2ch' , 031, 021);
INSERT INTO chapterSize VALUES ('rus', '2ch' , 032, 033);
INSERT INTO chapterSize VALUES ('rus', '2ch' , 033, 025);
INSERT INTO chapterSize VALUES ('rus', '2ch' , 034, 033);
INSERT INTO chapterSize VALUES ('rus', '2ch' , 035, 027);
INSERT INTO chapterSize VALUES ('rus', '2ch' , 036, 023);
INSERT INTO chapterSize VALUES ('rus', 'ezr' , 001, 011);
INSERT INTO chapterSize VALUES ('rus', 'ezr' , 002, 070);
INSERT INTO chapterSize VALUES ('rus', 'ezr' , 003, 013);
INSERT INTO chapterSize VALUES ('rus', 'ezr' , 004, 024);
INSERT INTO chapterSize VALUES ('rus', 'ezr' , 005, 017);
INSERT INTO chapterSize VALUES ('rus', 'ezr' , 006, 022);
INSERT INTO chapterSize VALUES ('rus', 'ezr' , 007, 028);
INSERT INTO chapterSize VALUES ('rus', 'ezr' , 008, 036);
INSERT INTO chapterSize VALUES ('rus', 'ezr' , 009, 015);
INSERT INTO chapterSize VALUES ('rus', 'ezr' , 010, 044);
INSERT INTO chapterSize VALUES ('rus', 'ne'  , 001, 011);
INSERT INTO chapterSize VALUES ('rus', 'ne'  , 002, 020);
INSERT INTO chapterSize VALUES ('rus', 'ne'  , 003, 032);
INSERT INTO chapterSize VALUES ('rus', 'ne'  , 004, 023);
INSERT INTO chapterSize VALUES ('rus', 'ne'  , 005, 019);
INSERT INTO chapterSize VALUES ('rus', 'ne'  , 006, 019);
INSERT INTO chapterSize VALUES ('rus', 'ne'  , 007, 073);
INSERT INTO chapterSize VALUES ('rus', 'ne'  , 008, 018);
INSERT INTO chapterSize VALUES ('rus', 'ne'  , 009, 038);
INSERT INTO chapterSize VALUES ('rus', 'ne'  , 010, 039);
INSERT INTO chapterSize VALUES ('rus', 'ne'  , 011, 036);
INSERT INTO chapterSize VALUES ('rus', 'ne'  , 012, 047);
INSERT INTO chapterSize VALUES ('rus', 'ne'  , 013, 031);
INSERT INTO chapterSize VALUES ('rus', 'es'  , 001, 022);
INSERT INTO chapterSize VALUES ('rus', 'es'  , 002, 023);
INSERT INTO chapterSize VALUES ('rus', 'es'  , 003, 015);
INSERT INTO chapterSize VALUES ('rus', 'es'  , 004, 017);
INSERT INTO chapterSize VALUES ('rus', 'es'  , 005, 014);
INSERT INTO chapterSize VALUES ('rus', 'es'  , 006, 014);
INSERT INTO chapterSize VALUES ('rus', 'es'  , 007, 010);
INSERT INTO chapterSize VALUES ('rus', 'es'  , 008, 017);
INSERT INTO chapterSize VALUES ('rus', 'es'  , 009, 032);
INSERT INTO chapterSize VALUES ('rus', 'es'  , 010, 003);
INSERT INTO chapterSize VALUES ('rus', 'job' , 001, 022);
INSERT INTO chapterSize VALUES ('rus', 'job' , 002, 013);
INSERT INTO chapterSize VALUES ('rus', 'job' , 003, 026);
INSERT INTO chapterSize VALUES ('rus', 'job' , 004, 021);
INSERT INTO chapterSize VALUES ('rus', 'job' , 005, 027);
INSERT INTO chapterSize VALUES ('rus', 'job' , 006, 030);
INSERT INTO chapterSize VALUES ('rus', 'job' , 007, 021);
INSERT INTO chapterSize VALUES ('rus', 'job' , 008, 022);
INSERT INTO chapterSize VALUES ('rus', 'job' , 009, 035);
INSERT INTO chapterSize VALUES ('rus', 'job' , 010, 022);
INSERT INTO chapterSize VALUES ('rus', 'job' , 011, 020);
INSERT INTO chapterSize VALUES ('rus', 'job' , 012, 025);
INSERT INTO chapterSize VALUES ('rus', 'job' , 013, 028);
INSERT INTO chapterSize VALUES ('rus', 'job' , 014, 022);
INSERT INTO chapterSize VALUES ('rus', 'job' , 015, 035);
INSERT INTO chapterSize VALUES ('rus', 'job' , 016, 022);
INSERT INTO chapterSize VALUES ('rus', 'job' , 017, 016);
INSERT INTO chapterSize VALUES ('rus', 'job' , 018, 021);
INSERT INTO chapterSize VALUES ('rus', 'job' , 019, 029);
INSERT INTO chapterSize VALUES ('rus', 'job' , 020, 029);
INSERT INTO chapterSize VALUES ('rus', 'job' , 021, 034);
INSERT INTO chapterSize VALUES ('rus', 'job' , 022, 030);
INSERT INTO chapterSize VALUES ('rus', 'job' , 023, 017);
INSERT INTO chapterSize VALUES ('rus', 'job' , 024, 025);
INSERT INTO chapterSize VALUES ('rus', 'job' , 025, 006);
INSERT INTO chapterSize VALUES ('rus', 'job' , 026, 014);
INSERT INTO chapterSize VALUES ('rus', 'job' , 027, 023);
INSERT INTO chapterSize VALUES ('rus', 'job' , 028, 028);
INSERT INTO chapterSize VALUES ('rus', 'job' , 029, 025);
INSERT INTO chapterSize VALUES ('rus', 'job' , 030, 031);
INSERT INTO chapterSize VALUES ('rus', 'job' , 031, 040);
INSERT INTO chapterSize VALUES ('rus', 'job' , 032, 022);
INSERT INTO chapterSize VALUES ('rus', 'job' , 033, 033);
INSERT INTO chapterSize VALUES ('rus', 'job' , 034, 037);
INSERT INTO chapterSize VALUES ('rus', 'job' , 035, 016);
INSERT INTO chapterSize VALUES ('rus', 'job' , 036, 033);
INSERT INTO chapterSize VALUES ('rus', 'job' , 037, 024);
INSERT INTO chapterSize VALUES ('rus', 'job' , 038, 041);
INSERT INTO chapterSize VALUES ('rus', 'job' , 039, 035);
INSERT INTO chapterSize VALUES ('rus', 'job' , 040, 027);
INSERT INTO chapterSize VALUES ('rus', 'job' , 041, 026);
INSERT INTO chapterSize VALUES ('rus', 'job' , 042, 017);
INSERT INTO chapterSize VALUES ('rus', 'ps'  , 001, 006);
INSERT INTO chapterSize VALUES ('rus', 'ps'  , 002, 012);
INSERT INTO chapterSize VALUES ('rus', 'ps'  , 003, 009);
INSERT INTO chapterSize VALUES ('rus', 'ps'  , 004, 009);
INSERT INTO chapterSize VALUES ('rus', 'ps'  , 005, 013);
INSERT INTO chapterSize VALUES ('rus', 'ps'  , 006, 011);
INSERT INTO chapterSize VALUES ('rus', 'ps'  , 007, 018);
INSERT INTO chapterSize VALUES ('rus', 'ps'  , 008, 010);
INSERT INTO chapterSize VALUES ('rus', 'ps'  , 009, 039);
INSERT INTO chapterSize VALUES ('rus', 'ps'  , 010, 007);
INSERT INTO chapterSize VALUES ('rus', 'ps'  , 011, 009);
INSERT INTO chapterSize VALUES ('rus', 'ps'  , 012, 006);
INSERT INTO chapterSize VALUES ('rus', 'ps'  , 013, 007);
INSERT INTO chapterSize VALUES ('rus', 'ps'  , 014, 005);
INSERT INTO chapterSize VALUES ('rus', 'ps'  , 015, 011);
INSERT INTO chapterSize VALUES ('rus', 'ps'  , 016, 015);
INSERT INTO chapterSize VALUES ('rus', 'ps'  , 017, 051);
INSERT INTO chapterSize VALUES ('rus', 'ps'  , 018, 015);
INSERT INTO chapterSize VALUES ('rus', 'ps'  , 019, 010);
INSERT INTO chapterSize VALUES ('rus', 'ps'  , 020, 014);
INSERT INTO chapterSize VALUES ('rus', 'ps'  , 021, 032);
INSERT INTO chapterSize VALUES ('rus', 'ps'  , 022, 006);
INSERT INTO chapterSize VALUES ('rus', 'ps'  , 023, 010);
INSERT INTO chapterSize VALUES ('rus', 'ps'  , 024, 022);
INSERT INTO chapterSize VALUES ('rus', 'ps'  , 025, 012);
INSERT INTO chapterSize VALUES ('rus', 'ps'  , 026, 014);
INSERT INTO chapterSize VALUES ('rus', 'ps'  , 027, 009);
INSERT INTO chapterSize VALUES ('rus', 'ps'  , 028, 011);
INSERT INTO chapterSize VALUES ('rus', 'ps'  , 029, 013);
INSERT INTO chapterSize VALUES ('rus', 'ps'  , 030, 025);
INSERT INTO chapterSize VALUES ('rus', 'ps'  , 031, 011);
INSERT INTO chapterSize VALUES ('rus', 'ps'  , 032, 022);
INSERT INTO chapterSize VALUES ('rus', 'ps'  , 033, 023);
INSERT INTO chapterSize VALUES ('rus', 'ps'  , 034, 028);
INSERT INTO chapterSize VALUES ('rus', 'ps'  , 035, 013);
INSERT INTO chapterSize VALUES ('rus', 'ps'  , 036, 040);
INSERT INTO chapterSize VALUES ('rus', 'ps'  , 037, 023);
INSERT INTO chapterSize VALUES ('rus', 'ps'  , 038, 014);
INSERT INTO chapterSize VALUES ('rus', 'ps'  , 039, 018);
INSERT INTO chapterSize VALUES ('rus', 'ps'  , 040, 014);
INSERT INTO chapterSize VALUES ('rus', 'ps'  , 041, 012);
INSERT INTO chapterSize VALUES ('rus', 'ps'  , 042, 005);
INSERT INTO chapterSize VALUES ('rus', 'ps'  , 043, 027);
INSERT INTO chapterSize VALUES ('rus', 'ps'  , 044, 018);
INSERT INTO chapterSize VALUES ('rus', 'ps'  , 045, 012);
INSERT INTO chapterSize VALUES ('rus', 'ps'  , 046, 010);
INSERT INTO chapterSize VALUES ('rus', 'ps'  , 047, 015);
INSERT INTO chapterSize VALUES ('rus', 'ps'  , 048, 021);
INSERT INTO chapterSize VALUES ('rus', 'ps'  , 049, 023);
INSERT INTO chapterSize VALUES ('rus', 'ps'  , 050, 021);
INSERT INTO chapterSize VALUES ('rus', 'ps'  , 051, 011);
INSERT INTO chapterSize VALUES ('rus', 'ps'  , 052, 007);
INSERT INTO chapterSize VALUES ('rus', 'ps'  , 053, 009);
INSERT INTO chapterSize VALUES ('rus', 'ps'  , 054, 024);
INSERT INTO chapterSize VALUES ('rus', 'ps'  , 055, 014);
INSERT INTO chapterSize VALUES ('rus', 'ps'  , 056, 012);
INSERT INTO chapterSize VALUES ('rus', 'ps'  , 057, 012);
INSERT INTO chapterSize VALUES ('rus', 'ps'  , 058, 018);
INSERT INTO chapterSize VALUES ('rus', 'ps'  , 059, 014);
INSERT INTO chapterSize VALUES ('rus', 'ps'  , 060, 009);
INSERT INTO chapterSize VALUES ('rus', 'ps'  , 061, 013);
INSERT INTO chapterSize VALUES ('rus', 'ps'  , 062, 012);
INSERT INTO chapterSize VALUES ('rus', 'ps'  , 063, 011);
INSERT INTO chapterSize VALUES ('rus', 'ps'  , 064, 014);
INSERT INTO chapterSize VALUES ('rus', 'ps'  , 065, 020);
INSERT INTO chapterSize VALUES ('rus', 'ps'  , 066, 008);
INSERT INTO chapterSize VALUES ('rus', 'ps'  , 067, 036);
INSERT INTO chapterSize VALUES ('rus', 'ps'  , 068, 037);
INSERT INTO chapterSize VALUES ('rus', 'ps'  , 069, 006);
INSERT INTO chapterSize VALUES ('rus', 'ps'  , 070, 024);
INSERT INTO chapterSize VALUES ('rus', 'ps'  , 071, 020);
INSERT INTO chapterSize VALUES ('rus', 'ps'  , 072, 028);
INSERT INTO chapterSize VALUES ('rus', 'ps'  , 073, 023);
INSERT INTO chapterSize VALUES ('rus', 'ps'  , 074, 011);
INSERT INTO chapterSize VALUES ('rus', 'ps'  , 075, 013);
INSERT INTO chapterSize VALUES ('rus', 'ps'  , 076, 021);
INSERT INTO chapterSize VALUES ('rus', 'ps'  , 077, 072);
INSERT INTO chapterSize VALUES ('rus', 'ps'  , 078, 013);
INSERT INTO chapterSize VALUES ('rus', 'ps'  , 079, 020);
INSERT INTO chapterSize VALUES ('rus', 'ps'  , 080, 017);
INSERT INTO chapterSize VALUES ('rus', 'ps'  , 081, 008);
INSERT INTO chapterSize VALUES ('rus', 'ps'  , 082, 019);
INSERT INTO chapterSize VALUES ('rus', 'ps'  , 083, 013);
INSERT INTO chapterSize VALUES ('rus', 'ps'  , 084, 014);
INSERT INTO chapterSize VALUES ('rus', 'ps'  , 085, 017);
INSERT INTO chapterSize VALUES ('rus', 'ps'  , 086, 007);
INSERT INTO chapterSize VALUES ('rus', 'ps'  , 087, 019);
INSERT INTO chapterSize VALUES ('rus', 'ps'  , 088, 053);
INSERT INTO chapterSize VALUES ('rus', 'ps'  , 089, 017);
INSERT INTO chapterSize VALUES ('rus', 'ps'  , 090, 016);
INSERT INTO chapterSize VALUES ('rus', 'ps'  , 091, 016);
INSERT INTO chapterSize VALUES ('rus', 'ps'  , 092, 005);
INSERT INTO chapterSize VALUES ('rus', 'ps'  , 093, 023);
INSERT INTO chapterSize VALUES ('rus', 'ps'  , 094, 011);
INSERT INTO chapterSize VALUES ('rus', 'ps'  , 095, 013);
INSERT INTO chapterSize VALUES ('rus', 'ps'  , 096, 012);
INSERT INTO chapterSize VALUES ('rus', 'ps'  , 097, 009);
INSERT INTO chapterSize VALUES ('rus', 'ps'  , 098, 009);
INSERT INTO chapterSize VALUES ('rus', 'ps'  , 099, 005);
INSERT INTO chapterSize VALUES ('rus', 'ps'  , 100, 008);
INSERT INTO chapterSize VALUES ('rus', 'ps'  , 101, 029);
INSERT INTO chapterSize VALUES ('rus', 'ps'  , 102, 022);
INSERT INTO chapterSize VALUES ('rus', 'ps'  , 103, 035);
INSERT INTO chapterSize VALUES ('rus', 'ps'  , 104, 045);
INSERT INTO chapterSize VALUES ('rus', 'ps'  , 105, 048);
INSERT INTO chapterSize VALUES ('rus', 'ps'  , 106, 043);
INSERT INTO chapterSize VALUES ('rus', 'ps'  , 107, 014);
INSERT INTO chapterSize VALUES ('rus', 'ps'  , 108, 031);
INSERT INTO chapterSize VALUES ('rus', 'ps'  , 109, 007);
INSERT INTO chapterSize VALUES ('rus', 'ps'  , 110, 010);
INSERT INTO chapterSize VALUES ('rus', 'ps'  , 111, 010);
INSERT INTO chapterSize VALUES ('rus', 'ps'  , 112, 009);
INSERT INTO chapterSize VALUES ('rus', 'ps'  , 113, 026);
INSERT INTO chapterSize VALUES ('rus', 'ps'  , 114, 009);
INSERT INTO chapterSize VALUES ('rus', 'ps'  , 115, 010);
INSERT INTO chapterSize VALUES ('rus', 'ps'  , 116, 002);
INSERT INTO chapterSize VALUES ('rus', 'ps'  , 117, 029);
INSERT INTO chapterSize VALUES ('rus', 'ps'  , 118, 176);
INSERT INTO chapterSize VALUES ('rus', 'ps'  , 119, 007);
INSERT INTO chapterSize VALUES ('rus', 'ps'  , 120, 008);
INSERT INTO chapterSize VALUES ('rus', 'ps'  , 121, 009);
INSERT INTO chapterSize VALUES ('rus', 'ps'  , 122, 004);
INSERT INTO chapterSize VALUES ('rus', 'ps'  , 123, 008);
INSERT INTO chapterSize VALUES ('rus', 'ps'  , 124, 005);
INSERT INTO chapterSize VALUES ('rus', 'ps'  , 125, 006);
INSERT INTO chapterSize VALUES ('rus', 'ps'  , 126, 005);
INSERT INTO chapterSize VALUES ('rus', 'ps'  , 127, 006);
INSERT INTO chapterSize VALUES ('rus', 'ps'  , 128, 008);
INSERT INTO chapterSize VALUES ('rus', 'ps'  , 129, 008);
INSERT INTO chapterSize VALUES ('rus', 'ps'  , 130, 003);
INSERT INTO chapterSize VALUES ('rus', 'ps'  , 131, 018);
INSERT INTO chapterSize VALUES ('rus', 'ps'  , 132, 003);
INSERT INTO chapterSize VALUES ('rus', 'ps'  , 133, 003);
INSERT INTO chapterSize VALUES ('rus', 'ps'  , 134, 021);
INSERT INTO chapterSize VALUES ('rus', 'ps'  , 135, 026);
INSERT INTO chapterSize VALUES ('rus', 'ps'  , 136, 009);
INSERT INTO chapterSize VALUES ('rus', 'ps'  , 137, 008);
INSERT INTO chapterSize VALUES ('rus', 'ps'  , 138, 024);
INSERT INTO chapterSize VALUES ('rus', 'ps'  , 139, 014);
INSERT INTO chapterSize VALUES ('rus', 'ps'  , 140, 010);
INSERT INTO chapterSize VALUES ('rus', 'ps'  , 141, 007);
INSERT INTO chapterSize VALUES ('rus', 'ps'  , 142, 012);
INSERT INTO chapterSize VALUES ('rus', 'ps'  , 143, 015);
INSERT INTO chapterSize VALUES ('rus', 'ps'  , 144, 021);
INSERT INTO chapterSize VALUES ('rus', 'ps'  , 145, 010);
INSERT INTO chapterSize VALUES ('rus', 'ps'  , 146, 011);
INSERT INTO chapterSize VALUES ('rus', 'ps'  , 147, 009);
INSERT INTO chapterSize VALUES ('rus', 'ps'  , 148, 014);
INSERT INTO chapterSize VALUES ('rus', 'ps'  , 149, 009);
INSERT INTO chapterSize VALUES ('rus', 'ps'  , 150, 006);
INSERT INTO chapterSize VALUES ('rus', 'pr'  , 001, 033);
INSERT INTO chapterSize VALUES ('rus', 'pr'  , 002, 022);
INSERT INTO chapterSize VALUES ('rus', 'pr'  , 003, 035);
INSERT INTO chapterSize VALUES ('rus', 'pr'  , 004, 027);
INSERT INTO chapterSize VALUES ('rus', 'pr'  , 005, 023);
INSERT INTO chapterSize VALUES ('rus', 'pr'  , 006, 035);
INSERT INTO chapterSize VALUES ('rus', 'pr'  , 007, 027);
INSERT INTO chapterSize VALUES ('rus', 'pr'  , 008, 036);
INSERT INTO chapterSize VALUES ('rus', 'pr'  , 009, 018);
INSERT INTO chapterSize VALUES ('rus', 'pr'  , 010, 032);
INSERT INTO chapterSize VALUES ('rus', 'pr'  , 011, 031);
INSERT INTO chapterSize VALUES ('rus', 'pr'  , 012, 028);
INSERT INTO chapterSize VALUES ('rus', 'pr'  , 013, 025);
INSERT INTO chapterSize VALUES ('rus', 'pr'  , 014, 035);
INSERT INTO chapterSize VALUES ('rus', 'pr'  , 015, 033);
INSERT INTO chapterSize VALUES ('rus', 'pr'  , 016, 033);
INSERT INTO chapterSize VALUES ('rus', 'pr'  , 017, 028);
INSERT INTO chapterSize VALUES ('rus', 'pr'  , 018, 024);
INSERT INTO chapterSize VALUES ('rus', 'pr'  , 019, 029);
INSERT INTO chapterSize VALUES ('rus', 'pr'  , 020, 030);
INSERT INTO chapterSize VALUES ('rus', 'pr'  , 021, 031);
INSERT INTO chapterSize VALUES ('rus', 'pr'  , 022, 029);
INSERT INTO chapterSize VALUES ('rus', 'pr'  , 023, 035);
INSERT INTO chapterSize VALUES ('rus', 'pr'  , 024, 034);
INSERT INTO chapterSize VALUES ('rus', 'pr'  , 025, 028);
INSERT INTO chapterSize VALUES ('rus', 'pr'  , 026, 028);
INSERT INTO chapterSize VALUES ('rus', 'pr'  , 027, 027);
INSERT INTO chapterSize VALUES ('rus', 'pr'  , 028, 028);
INSERT INTO chapterSize VALUES ('rus', 'pr'  , 029, 027);
INSERT INTO chapterSize VALUES ('rus', 'pr'  , 030, 033);
INSERT INTO chapterSize VALUES ('rus', 'pr'  , 031, 031);
INSERT INTO chapterSize VALUES ('rus', 'ec'  , 001, 018);
INSERT INTO chapterSize VALUES ('rus', 'ec'  , 002, 026);
INSERT INTO chapterSize VALUES ('rus', 'ec'  , 003, 022);
INSERT INTO chapterSize VALUES ('rus', 'ec'  , 004, 017);
INSERT INTO chapterSize VALUES ('rus', 'ec'  , 005, 019);
INSERT INTO chapterSize VALUES ('rus', 'ec'  , 006, 012);
INSERT INTO chapterSize VALUES ('rus', 'ec'  , 007, 029);
INSERT INTO chapterSize VALUES ('rus', 'ec'  , 008, 017);
INSERT INTO chapterSize VALUES ('rus', 'ec'  , 009, 018);
INSERT INTO chapterSize VALUES ('rus', 'ec'  , 010, 020);
INSERT INTO chapterSize VALUES ('rus', 'ec'  , 011, 010);
INSERT INTO chapterSize VALUES ('rus', 'ec'  , 012, 014);
INSERT INTO chapterSize VALUES ('rus', 'ca'  , 001, 017);
INSERT INTO chapterSize VALUES ('rus', 'ca'  , 002, 017);
INSERT INTO chapterSize VALUES ('rus', 'ca'  , 003, 011);
INSERT INTO chapterSize VALUES ('rus', 'ca'  , 004, 016);
INSERT INTO chapterSize VALUES ('rus', 'ca'  , 005, 016);
INSERT INTO chapterSize VALUES ('rus', 'ca'  , 006, 012);
INSERT INTO chapterSize VALUES ('rus', 'ca'  , 007, 014);
INSERT INTO chapterSize VALUES ('rus', 'ca'  , 008, 014);
INSERT INTO chapterSize VALUES ('rus', 'isa' , 001, 031);
INSERT INTO chapterSize VALUES ('rus', 'isa' , 002, 022);
INSERT INTO chapterSize VALUES ('rus', 'isa' , 003, 026);
INSERT INTO chapterSize VALUES ('rus', 'isa' , 004, 006);
INSERT INTO chapterSize VALUES ('rus', 'isa' , 005, 030);
INSERT INTO chapterSize VALUES ('rus', 'isa' , 006, 013);
INSERT INTO chapterSize VALUES ('rus', 'isa' , 007, 025);
INSERT INTO chapterSize VALUES ('rus', 'isa' , 008, 022);
INSERT INTO chapterSize VALUES ('rus', 'isa' , 009, 021);
INSERT INTO chapterSize VALUES ('rus', 'isa' , 010, 034);
INSERT INTO chapterSize VALUES ('rus', 'isa' , 011, 016);
INSERT INTO chapterSize VALUES ('rus', 'isa' , 012, 006);
INSERT INTO chapterSize VALUES ('rus', 'isa' , 013, 022);
INSERT INTO chapterSize VALUES ('rus', 'isa' , 014, 032);
INSERT INTO chapterSize VALUES ('rus', 'isa' , 015, 009);
INSERT INTO chapterSize VALUES ('rus', 'isa' , 016, 014);
INSERT INTO chapterSize VALUES ('rus', 'isa' , 017, 014);
INSERT INTO chapterSize VALUES ('rus', 'isa' , 018, 007);
INSERT INTO chapterSize VALUES ('rus', 'isa' , 019, 025);
INSERT INTO chapterSize VALUES ('rus', 'isa' , 020, 006);
INSERT INTO chapterSize VALUES ('rus', 'isa' , 021, 017);
INSERT INTO chapterSize VALUES ('rus', 'isa' , 022, 025);
INSERT INTO chapterSize VALUES ('rus', 'isa' , 023, 018);
INSERT INTO chapterSize VALUES ('rus', 'isa' , 024, 023);
INSERT INTO chapterSize VALUES ('rus', 'isa' , 025, 012);
INSERT INTO chapterSize VALUES ('rus', 'isa' , 026, 021);
INSERT INTO chapterSize VALUES ('rus', 'isa' , 027, 013);
INSERT INTO chapterSize VALUES ('rus', 'isa' , 028, 029);
INSERT INTO chapterSize VALUES ('rus', 'isa' , 029, 024);
INSERT INTO chapterSize VALUES ('rus', 'isa' , 030, 033);
INSERT INTO chapterSize VALUES ('rus', 'isa' , 031, 009);
INSERT INTO chapterSize VALUES ('rus', 'isa' , 032, 020);
INSERT INTO chapterSize VALUES ('rus', 'isa' , 033, 024);
INSERT INTO chapterSize VALUES ('rus', 'isa' , 034, 017);
INSERT INTO chapterSize VALUES ('rus', 'isa' , 035, 010);
INSERT INTO chapterSize VALUES ('rus', 'isa' , 036, 022);
INSERT INTO chapterSize VALUES ('rus', 'isa' , 037, 038);
INSERT INTO chapterSize VALUES ('rus', 'isa' , 038, 022);
INSERT INTO chapterSize VALUES ('rus', 'isa' , 039, 008);
INSERT INTO chapterSize VALUES ('rus', 'isa' , 040, 031);
INSERT INTO chapterSize VALUES ('rus', 'isa' , 041, 029);
INSERT INTO chapterSize VALUES ('rus', 'isa' , 042, 025);
INSERT INTO chapterSize VALUES ('rus', 'isa' , 043, 028);
INSERT INTO chapterSize VALUES ('rus', 'isa' , 044, 028);
INSERT INTO chapterSize VALUES ('rus', 'isa' , 045, 025);
INSERT INTO chapterSize VALUES ('rus', 'isa' , 046, 013);
INSERT INTO chapterSize VALUES ('rus', 'isa' , 047, 015);
INSERT INTO chapterSize VALUES ('rus', 'isa' , 048, 022);
INSERT INTO chapterSize VALUES ('rus', 'isa' , 049, 026);
INSERT INTO chapterSize VALUES ('rus', 'isa' , 050, 011);
INSERT INTO chapterSize VALUES ('rus', 'isa' , 051, 023);
INSERT INTO chapterSize VALUES ('rus', 'isa' , 052, 015);
INSERT INTO chapterSize VALUES ('rus', 'isa' , 053, 012);
INSERT INTO chapterSize VALUES ('rus', 'isa' , 054, 017);
INSERT INTO chapterSize VALUES ('rus', 'isa' , 055, 013);
INSERT INTO chapterSize VALUES ('rus', 'isa' , 056, 012);
INSERT INTO chapterSize VALUES ('rus', 'isa' , 057, 021);
INSERT INTO chapterSize VALUES ('rus', 'isa' , 058, 014);
INSERT INTO chapterSize VALUES ('rus', 'isa' , 059, 021);
INSERT INTO chapterSize VALUES ('rus', 'isa' , 060, 022);
INSERT INTO chapterSize VALUES ('rus', 'isa' , 061, 011);
INSERT INTO chapterSize VALUES ('rus', 'isa' , 062, 012);
INSERT INTO chapterSize VALUES ('rus', 'isa' , 063, 019);
INSERT INTO chapterSize VALUES ('rus', 'isa' , 064, 012);
INSERT INTO chapterSize VALUES ('rus', 'isa' , 065, 025);
INSERT INTO chapterSize VALUES ('rus', 'isa' , 066, 024);
INSERT INTO chapterSize VALUES ('rus', 'jer' , 001, 019);
INSERT INTO chapterSize VALUES ('rus', 'jer' , 002, 037);
INSERT INTO chapterSize VALUES ('rus', 'jer' , 003, 025);
INSERT INTO chapterSize VALUES ('rus', 'jer' , 004, 031);
INSERT INTO chapterSize VALUES ('rus', 'jer' , 005, 031);
INSERT INTO chapterSize VALUES ('rus', 'jer' , 006, 030);
INSERT INTO chapterSize VALUES ('rus', 'jer' , 007, 034);
INSERT INTO chapterSize VALUES ('rus', 'jer' , 008, 022);
INSERT INTO chapterSize VALUES ('rus', 'jer' , 009, 026);
INSERT INTO chapterSize VALUES ('rus', 'jer' , 010, 025);
INSERT INTO chapterSize VALUES ('rus', 'jer' , 011, 023);
INSERT INTO chapterSize VALUES ('rus', 'jer' , 012, 017);
INSERT INTO chapterSize VALUES ('rus', 'jer' , 013, 027);
INSERT INTO chapterSize VALUES ('rus', 'jer' , 014, 022);
INSERT INTO chapterSize VALUES ('rus', 'jer' , 015, 021);
INSERT INTO chapterSize VALUES ('rus', 'jer' , 016, 021);
INSERT INTO chapterSize VALUES ('rus', 'jer' , 017, 027);
INSERT INTO chapterSize VALUES ('rus', 'jer' , 018, 023);
INSERT INTO chapterSize VALUES ('rus', 'jer' , 019, 015);
INSERT INTO chapterSize VALUES ('rus', 'jer' , 020, 018);
INSERT INTO chapterSize VALUES ('rus', 'jer' , 021, 014);
INSERT INTO chapterSize VALUES ('rus', 'jer' , 022, 030);
INSERT INTO chapterSize VALUES ('rus', 'jer' , 023, 040);
INSERT INTO chapterSize VALUES ('rus', 'jer' , 024, 010);
INSERT INTO chapterSize VALUES ('rus', 'jer' , 025, 038);
INSERT INTO chapterSize VALUES ('rus', 'jer' , 026, 024);
INSERT INTO chapterSize VALUES ('rus', 'jer' , 027, 022);
INSERT INTO chapterSize VALUES ('rus', 'jer' , 028, 017);
INSERT INTO chapterSize VALUES ('rus', 'jer' , 029, 032);
INSERT INTO chapterSize VALUES ('rus', 'jer' , 030, 024);
INSERT INTO chapterSize VALUES ('rus', 'jer' , 031, 040);
INSERT INTO chapterSize VALUES ('rus', 'jer' , 032, 044);
INSERT INTO chapterSize VALUES ('rus', 'jer' , 033, 026);
INSERT INTO chapterSize VALUES ('rus', 'jer' , 034, 022);
INSERT INTO chapterSize VALUES ('rus', 'jer' , 035, 019);
INSERT INTO chapterSize VALUES ('rus', 'jer' , 036, 032);
INSERT INTO chapterSize VALUES ('rus', 'jer' , 037, 021);
INSERT INTO chapterSize VALUES ('rus', 'jer' , 038, 028);
INSERT INTO chapterSize VALUES ('rus', 'jer' , 039, 018);
INSERT INTO chapterSize VALUES ('rus', 'jer' , 040, 016);
INSERT INTO chapterSize VALUES ('rus', 'jer' , 041, 018);
INSERT INTO chapterSize VALUES ('rus', 'jer' , 042, 022);
INSERT INTO chapterSize VALUES ('rus', 'jer' , 043, 013);
INSERT INTO chapterSize VALUES ('rus', 'jer' , 044, 030);
INSERT INTO chapterSize VALUES ('rus', 'jer' , 045, 005);
INSERT INTO chapterSize VALUES ('rus', 'jer' , 046, 028);
INSERT INTO chapterSize VALUES ('rus', 'jer' , 047, 007);
INSERT INTO chapterSize VALUES ('rus', 'jer' , 048, 047);
INSERT INTO chapterSize VALUES ('rus', 'jer' , 049, 039);
INSERT INTO chapterSize VALUES ('rus', 'jer' , 050, 046);
INSERT INTO chapterSize VALUES ('rus', 'jer' , 051, 064);
INSERT INTO chapterSize VALUES ('rus', 'jer' , 052, 034);
INSERT INTO chapterSize VALUES ('rus', 'la'  , 001, 022);
INSERT INTO chapterSize VALUES ('rus', 'la'  , 002, 022);
INSERT INTO chapterSize VALUES ('rus', 'la'  , 003, 066);
INSERT INTO chapterSize VALUES ('rus', 'la'  , 004, 022);
INSERT INTO chapterSize VALUES ('rus', 'la'  , 005, 022);
INSERT INTO chapterSize VALUES ('rus', 'eze' , 001, 028);
INSERT INTO chapterSize VALUES ('rus', 'eze' , 002, 010);
INSERT INTO chapterSize VALUES ('rus', 'eze' , 003, 027);
INSERT INTO chapterSize VALUES ('rus', 'eze' , 004, 017);
INSERT INTO chapterSize VALUES ('rus', 'eze' , 005, 017);
INSERT INTO chapterSize VALUES ('rus', 'eze' , 006, 014);
INSERT INTO chapterSize VALUES ('rus', 'eze' , 007, 027);
INSERT INTO chapterSize VALUES ('rus', 'eze' , 008, 018);
INSERT INTO chapterSize VALUES ('rus', 'eze' , 009, 011);
INSERT INTO chapterSize VALUES ('rus', 'eze' , 010, 022);
INSERT INTO chapterSize VALUES ('rus', 'eze' , 011, 025);
INSERT INTO chapterSize VALUES ('rus', 'eze' , 012, 028);
INSERT INTO chapterSize VALUES ('rus', 'eze' , 013, 023);
INSERT INTO chapterSize VALUES ('rus', 'eze' , 014, 023);
INSERT INTO chapterSize VALUES ('rus', 'eze' , 015, 008);
INSERT INTO chapterSize VALUES ('rus', 'eze' , 016, 063);
INSERT INTO chapterSize VALUES ('rus', 'eze' , 017, 024);
INSERT INTO chapterSize VALUES ('rus', 'eze' , 018, 032);
INSERT INTO chapterSize VALUES ('rus', 'eze' , 019, 014);
INSERT INTO chapterSize VALUES ('rus', 'eze' , 020, 049);
INSERT INTO chapterSize VALUES ('rus', 'eze' , 021, 032);
INSERT INTO chapterSize VALUES ('rus', 'eze' , 022, 031);
INSERT INTO chapterSize VALUES ('rus', 'eze' , 023, 049);
INSERT INTO chapterSize VALUES ('rus', 'eze' , 024, 027);
INSERT INTO chapterSize VALUES ('rus', 'eze' , 025, 017);
INSERT INTO chapterSize VALUES ('rus', 'eze' , 026, 021);
INSERT INTO chapterSize VALUES ('rus', 'eze' , 027, 036);
INSERT INTO chapterSize VALUES ('rus', 'eze' , 028, 026);
INSERT INTO chapterSize VALUES ('rus', 'eze' , 029, 021);
INSERT INTO chapterSize VALUES ('rus', 'eze' , 030, 026);
INSERT INTO chapterSize VALUES ('rus', 'eze' , 031, 018);
INSERT INTO chapterSize VALUES ('rus', 'eze' , 032, 032);
INSERT INTO chapterSize VALUES ('rus', 'eze' , 033, 033);
INSERT INTO chapterSize VALUES ('rus', 'eze' , 034, 031);
INSERT INTO chapterSize VALUES ('rus', 'eze' , 035, 015);
INSERT INTO chapterSize VALUES ('rus', 'eze' , 036, 038);
INSERT INTO chapterSize VALUES ('rus', 'eze' , 037, 028);
INSERT INTO chapterSize VALUES ('rus', 'eze' , 038, 023);
INSERT INTO chapterSize VALUES ('rus', 'eze' , 039, 029);
INSERT INTO chapterSize VALUES ('rus', 'eze' , 040, 049);
INSERT INTO chapterSize VALUES ('rus', 'eze' , 041, 026);
INSERT INTO chapterSize VALUES ('rus', 'eze' , 042, 020);
INSERT INTO chapterSize VALUES ('rus', 'eze' , 043, 027);
INSERT INTO chapterSize VALUES ('rus', 'eze' , 044, 031);
INSERT INTO chapterSize VALUES ('rus', 'eze' , 045, 025);
INSERT INTO chapterSize VALUES ('rus', 'eze' , 046, 024);
INSERT INTO chapterSize VALUES ('rus', 'eze' , 047, 023);
INSERT INTO chapterSize VALUES ('rus', 'eze' , 048, 035);
INSERT INTO chapterSize VALUES ('rus', 'da'  , 001, 021);
INSERT INTO chapterSize VALUES ('rus', 'da'  , 002, 049);
INSERT INTO chapterSize VALUES ('rus', 'da'  , 003, 033);
INSERT INTO chapterSize VALUES ('rus', 'da'  , 004, 034);
INSERT INTO chapterSize VALUES ('rus', 'da'  , 005, 031);
INSERT INTO chapterSize VALUES ('rus', 'da'  , 006, 028);
INSERT INTO chapterSize VALUES ('rus', 'da'  , 007, 028);
INSERT INTO chapterSize VALUES ('rus', 'da'  , 008, 027);
INSERT INTO chapterSize VALUES ('rus', 'da'  , 009, 027);
INSERT INTO chapterSize VALUES ('rus', 'da'  , 010, 021);
INSERT INTO chapterSize VALUES ('rus', 'da'  , 011, 045);
INSERT INTO chapterSize VALUES ('rus', 'da'  , 012, 013);
INSERT INTO chapterSize VALUES ('rus', 'ho'  , 001, 011);
INSERT INTO chapterSize VALUES ('rus', 'ho'  , 002, 023);
INSERT INTO chapterSize VALUES ('rus', 'ho'  , 003, 005);
INSERT INTO chapterSize VALUES ('rus', 'ho'  , 004, 019);
INSERT INTO chapterSize VALUES ('rus', 'ho'  , 005, 015);
INSERT INTO chapterSize VALUES ('rus', 'ho'  , 006, 011);
INSERT INTO chapterSize VALUES ('rus', 'ho'  , 007, 016);
INSERT INTO chapterSize VALUES ('rus', 'ho'  , 008, 014);
INSERT INTO chapterSize VALUES ('rus', 'ho'  , 009, 017);
INSERT INTO chapterSize VALUES ('rus', 'ho'  , 010, 015);
INSERT INTO chapterSize VALUES ('rus', 'ho'  , 011, 012);
INSERT INTO chapterSize VALUES ('rus', 'ho'  , 012, 014);
INSERT INTO chapterSize VALUES ('rus', 'ho'  , 013, 015);
INSERT INTO chapterSize VALUES ('rus', 'ho'  , 014, 010);
INSERT INTO chapterSize VALUES ('rus', 'joe' , 001, 020);
INSERT INTO chapterSize VALUES ('rus', 'joe' , 002, 032);
INSERT INTO chapterSize VALUES ('rus', 'joe' , 003, 021);
INSERT INTO chapterSize VALUES ('rus', 'am'  , 001, 015);
INSERT INTO chapterSize VALUES ('rus', 'am'  , 002, 016);
INSERT INTO chapterSize VALUES ('rus', 'am'  , 003, 015);
INSERT INTO chapterSize VALUES ('rus', 'am'  , 004, 013);
INSERT INTO chapterSize VALUES ('rus', 'am'  , 005, 027);
INSERT INTO chapterSize VALUES ('rus', 'am'  , 006, 014);
INSERT INTO chapterSize VALUES ('rus', 'am'  , 007, 017);
INSERT INTO chapterSize VALUES ('rus', 'am'  , 008, 014);
INSERT INTO chapterSize VALUES ('rus', 'am'  , 009, 015);
INSERT INTO chapterSize VALUES ('rus', 'ob'  , 001, 021);
INSERT INTO chapterSize VALUES ('rus', 'jon' , 001, 016);
INSERT INTO chapterSize VALUES ('rus', 'jon' , 002, 011);
INSERT INTO chapterSize VALUES ('rus', 'jon' , 003, 010);
INSERT INTO chapterSize VALUES ('rus', 'jon' , 004, 011);
INSERT INTO chapterSize VALUES ('rus', 'mic' , 001, 016);
INSERT INTO chapterSize VALUES ('rus', 'mic' , 002, 013);
INSERT INTO chapterSize VALUES ('rus', 'mic' , 003, 012);
INSERT INTO chapterSize VALUES ('rus', 'mic' , 004, 013);
INSERT INTO chapterSize VALUES ('rus', 'mic' , 005, 015);
INSERT INTO chapterSize VALUES ('rus', 'mic' , 006, 016);
INSERT INTO chapterSize VALUES ('rus', 'mic' , 007, 020);
INSERT INTO chapterSize VALUES ('rus', 'na'  , 001, 015);
INSERT INTO chapterSize VALUES ('rus', 'na'  , 002, 013);
INSERT INTO chapterSize VALUES ('rus', 'na'  , 003, 019);
INSERT INTO chapterSize VALUES ('rus', 'hab' , 001, 017);
INSERT INTO chapterSize VALUES ('rus', 'hab' , 002, 020);
INSERT INTO chapterSize VALUES ('rus', 'hab' , 003, 019);
INSERT INTO chapterSize VALUES ('rus', 'zep' , 001, 018);
INSERT INTO chapterSize VALUES ('rus', 'zep' , 002, 015);
INSERT INTO chapterSize VALUES ('rus', 'zep' , 003, 020);
INSERT INTO chapterSize VALUES ('rus', 'hag' , 001, 015);
INSERT INTO chapterSize VALUES ('rus', 'hag' , 002, 023);
INSERT INTO chapterSize VALUES ('rus', 'zec' , 001, 021);
INSERT INTO chapterSize VALUES ('rus', 'zec' , 002, 013);
INSERT INTO chapterSize VALUES ('rus', 'zec' , 003, 010);
INSERT INTO chapterSize VALUES ('rus', 'zec' , 004, 014);
INSERT INTO chapterSize VALUES ('rus', 'zec' , 005, 011);
INSERT INTO chapterSize VALUES ('rus', 'zec' , 006, 015);
INSERT INTO chapterSize VALUES ('rus', 'zec' , 007, 014);
INSERT INTO chapterSize VALUES ('rus', 'zec' , 008, 023);
INSERT INTO chapterSize VALUES ('rus', 'zec' , 009, 017);
INSERT INTO chapterSize VALUES ('rus', 'zec' , 010, 012);
INSERT INTO chapterSize VALUES ('rus', 'zec' , 011, 017);
INSERT INTO chapterSize VALUES ('rus', 'zec' , 012, 014);
INSERT INTO chapterSize VALUES ('rus', 'zec' , 013, 009);
INSERT INTO chapterSize VALUES ('rus', 'zec' , 014, 021);
INSERT INTO chapterSize VALUES ('rus', 'mal' , 001, 014);
INSERT INTO chapterSize VALUES ('rus', 'mal' , 002, 017);
INSERT INTO chapterSize VALUES ('rus', 'mal' , 003, 018);
INSERT INTO chapterSize VALUES ('rus', 'mal' , 004, 006);
INSERT INTO chapterSize VALUES ('rus', 'mt'  , 001, 025);
INSERT INTO chapterSize VALUES ('rus', 'mt'  , 002, 023);
INSERT INTO chapterSize VALUES ('rus', 'mt'  , 003, 017);
INSERT INTO chapterSize VALUES ('rus', 'mt'  , 004, 025);
INSERT INTO chapterSize VALUES ('rus', 'mt'  , 005, 048);
INSERT INTO chapterSize VALUES ('rus', 'mt'  , 006, 034);
INSERT INTO chapterSize VALUES ('rus', 'mt'  , 007, 029);
INSERT INTO chapterSize VALUES ('rus', 'mt'  , 008, 034);
INSERT INTO chapterSize VALUES ('rus', 'mt'  , 009, 038);
INSERT INTO chapterSize VALUES ('rus', 'mt'  , 010, 042);
INSERT INTO chapterSize VALUES ('rus', 'mt'  , 011, 030);
INSERT INTO chapterSize VALUES ('rus', 'mt'  , 012, 050);
INSERT INTO chapterSize VALUES ('rus', 'mt'  , 013, 058);
INSERT INTO chapterSize VALUES ('rus', 'mt'  , 014, 036);
INSERT INTO chapterSize VALUES ('rus', 'mt'  , 015, 039);
INSERT INTO chapterSize VALUES ('rus', 'mt'  , 016, 028);
INSERT INTO chapterSize VALUES ('rus', 'mt'  , 017, 027);
INSERT INTO chapterSize VALUES ('rus', 'mt'  , 018, 035);
INSERT INTO chapterSize VALUES ('rus', 'mt'  , 019, 030);
INSERT INTO chapterSize VALUES ('rus', 'mt'  , 020, 034);
INSERT INTO chapterSize VALUES ('rus', 'mt'  , 021, 046);
INSERT INTO chapterSize VALUES ('rus', 'mt'  , 022, 046);
INSERT INTO chapterSize VALUES ('rus', 'mt'  , 023, 039);
INSERT INTO chapterSize VALUES ('rus', 'mt'  , 024, 051);
INSERT INTO chapterSize VALUES ('rus', 'mt'  , 025, 046);
INSERT INTO chapterSize VALUES ('rus', 'mt'  , 026, 075);
INSERT INTO chapterSize VALUES ('rus', 'mt'  , 027, 066);
INSERT INTO chapterSize VALUES ('rus', 'mt'  , 028, 020);
INSERT INTO chapterSize VALUES ('rus', 'mr'  , 001, 045);
INSERT INTO chapterSize VALUES ('rus', 'mr'  , 002, 028);
INSERT INTO chapterSize VALUES ('rus', 'mr'  , 003, 035);
INSERT INTO chapterSize VALUES ('rus', 'mr'  , 004, 041);
INSERT INTO chapterSize VALUES ('rus', 'mr'  , 005, 043);
INSERT INTO chapterSize VALUES ('rus', 'mr'  , 006, 056);
INSERT INTO chapterSize VALUES ('rus', 'mr'  , 007, 037);
INSERT INTO chapterSize VALUES ('rus', 'mr'  , 008, 038);
INSERT INTO chapterSize VALUES ('rus', 'mr'  , 009, 050);
INSERT INTO chapterSize VALUES ('rus', 'mr'  , 010, 052);
INSERT INTO chapterSize VALUES ('rus', 'mr'  , 011, 033);
INSERT INTO chapterSize VALUES ('rus', 'mr'  , 012, 044);
INSERT INTO chapterSize VALUES ('rus', 'mr'  , 013, 037);
INSERT INTO chapterSize VALUES ('rus', 'mr'  , 014, 072);
INSERT INTO chapterSize VALUES ('rus', 'mr'  , 015, 047);
INSERT INTO chapterSize VALUES ('rus', 'mr'  , 016, 020);
INSERT INTO chapterSize VALUES ('rus', 'lu'  , 001, 080);
INSERT INTO chapterSize VALUES ('rus', 'lu'  , 002, 052);
INSERT INTO chapterSize VALUES ('rus', 'lu'  , 003, 038);
INSERT INTO chapterSize VALUES ('rus', 'lu'  , 004, 044);
INSERT INTO chapterSize VALUES ('rus', 'lu'  , 005, 039);
INSERT INTO chapterSize VALUES ('rus', 'lu'  , 006, 049);
INSERT INTO chapterSize VALUES ('rus', 'lu'  , 007, 050);
INSERT INTO chapterSize VALUES ('rus', 'lu'  , 008, 056);
INSERT INTO chapterSize VALUES ('rus', 'lu'  , 009, 062);
INSERT INTO chapterSize VALUES ('rus', 'lu'  , 010, 042);
INSERT INTO chapterSize VALUES ('rus', 'lu'  , 011, 054);
INSERT INTO chapterSize VALUES ('rus', 'lu'  , 012, 059);
INSERT INTO chapterSize VALUES ('rus', 'lu'  , 013, 035);
INSERT INTO chapterSize VALUES ('rus', 'lu'  , 014, 035);
INSERT INTO chapterSize VALUES ('rus', 'lu'  , 015, 032);
INSERT INTO chapterSize VALUES ('rus', 'lu'  , 016, 031);
INSERT INTO chapterSize VALUES ('rus', 'lu'  , 017, 037);
INSERT INTO chapterSize VALUES ('rus', 'lu'  , 018, 043);
INSERT INTO chapterSize VALUES ('rus', 'lu'  , 019, 048);
INSERT INTO chapterSize VALUES ('rus', 'lu'  , 020, 047);
INSERT INTO chapterSize VALUES ('rus', 'lu'  , 021, 038);
INSERT INTO chapterSize VALUES ('rus', 'lu'  , 022, 071);
INSERT INTO chapterSize VALUES ('rus', 'lu'  , 023, 056);
INSERT INTO chapterSize VALUES ('rus', 'lu'  , 024, 053);
INSERT INTO chapterSize VALUES ('rus', 'joh' , 001, 051);
INSERT INTO chapterSize VALUES ('rus', 'joh' , 002, 025);
INSERT INTO chapterSize VALUES ('rus', 'joh' , 003, 036);
INSERT INTO chapterSize VALUES ('rus', 'joh' , 004, 054);
INSERT INTO chapterSize VALUES ('rus', 'joh' , 005, 047);
INSERT INTO chapterSize VALUES ('rus', 'joh' , 006, 071);
INSERT INTO chapterSize VALUES ('rus', 'joh' , 007, 053);
INSERT INTO chapterSize VALUES ('rus', 'joh' , 008, 059);
INSERT INTO chapterSize VALUES ('rus', 'joh' , 009, 041);
INSERT INTO chapterSize VALUES ('rus', 'joh' , 010, 042);
INSERT INTO chapterSize VALUES ('rus', 'joh' , 011, 057);
INSERT INTO chapterSize VALUES ('rus', 'joh' , 012, 050);
INSERT INTO chapterSize VALUES ('rus', 'joh' , 013, 038);
INSERT INTO chapterSize VALUES ('rus', 'joh' , 014, 031);
INSERT INTO chapterSize VALUES ('rus', 'joh' , 015, 027);
INSERT INTO chapterSize VALUES ('rus', 'joh' , 016, 033);
INSERT INTO chapterSize VALUES ('rus', 'joh' , 017, 026);
INSERT INTO chapterSize VALUES ('rus', 'joh' , 018, 040);
INSERT INTO chapterSize VALUES ('rus', 'joh' , 019, 042);
INSERT INTO chapterSize VALUES ('rus', 'joh' , 020, 031);
INSERT INTO chapterSize VALUES ('rus', 'joh' , 021, 025);
INSERT INTO chapterSize VALUES ('rus', 'ac'  , 001, 026);
INSERT INTO chapterSize VALUES ('rus', 'ac'  , 002, 047);
INSERT INTO chapterSize VALUES ('rus', 'ac'  , 003, 026);
INSERT INTO chapterSize VALUES ('rus', 'ac'  , 004, 037);
INSERT INTO chapterSize VALUES ('rus', 'ac'  , 005, 042);
INSERT INTO chapterSize VALUES ('rus', 'ac'  , 006, 015);
INSERT INTO chapterSize VALUES ('rus', 'ac'  , 007, 060);
INSERT INTO chapterSize VALUES ('rus', 'ac'  , 008, 040);
INSERT INTO chapterSize VALUES ('rus', 'ac'  , 009, 043);
INSERT INTO chapterSize VALUES ('rus', 'ac'  , 010, 048);
INSERT INTO chapterSize VALUES ('rus', 'ac'  , 011, 030);
INSERT INTO chapterSize VALUES ('rus', 'ac'  , 012, 025);
INSERT INTO chapterSize VALUES ('rus', 'ac'  , 013, 052);
INSERT INTO chapterSize VALUES ('rus', 'ac'  , 014, 028);
INSERT INTO chapterSize VALUES ('rus', 'ac'  , 015, 041);
INSERT INTO chapterSize VALUES ('rus', 'ac'  , 016, 040);
INSERT INTO chapterSize VALUES ('rus', 'ac'  , 017, 034);
INSERT INTO chapterSize VALUES ('rus', 'ac'  , 018, 028);
INSERT INTO chapterSize VALUES ('rus', 'ac'  , 019, 040);
INSERT INTO chapterSize VALUES ('rus', 'ac'  , 020, 038);
INSERT INTO chapterSize VALUES ('rus', 'ac'  , 021, 040);
INSERT INTO chapterSize VALUES ('rus', 'ac'  , 022, 030);
INSERT INTO chapterSize VALUES ('rus', 'ac'  , 023, 035);
INSERT INTO chapterSize VALUES ('rus', 'ac'  , 024, 027);
INSERT INTO chapterSize VALUES ('rus', 'ac'  , 025, 027);
INSERT INTO chapterSize VALUES ('rus', 'ac'  , 026, 032);
INSERT INTO chapterSize VALUES ('rus', 'ac'  , 027, 044);
INSERT INTO chapterSize VALUES ('rus', 'ac'  , 028, 031);
INSERT INTO chapterSize VALUES ('rus', 'jas' , 001, 027);
INSERT INTO chapterSize VALUES ('rus', 'jas' , 002, 026);
INSERT INTO chapterSize VALUES ('rus', 'jas' , 003, 018);
INSERT INTO chapterSize VALUES ('rus', 'jas' , 004, 017);
INSERT INTO chapterSize VALUES ('rus', 'jas' , 005, 020);
INSERT INTO chapterSize VALUES ('rus', '1pe' , 001, 025);
INSERT INTO chapterSize VALUES ('rus', '1pe' , 002, 025);
INSERT INTO chapterSize VALUES ('rus', '1pe' , 003, 022);
INSERT INTO chapterSize VALUES ('rus', '1pe' , 004, 019);
INSERT INTO chapterSize VALUES ('rus', '1pe' , 005, 014);
INSERT INTO chapterSize VALUES ('rus', '2pe' , 001, 021);
INSERT INTO chapterSize VALUES ('rus', '2pe' , 002, 022);
INSERT INTO chapterSize VALUES ('rus', '2pe' , 003, 018);
INSERT INTO chapterSize VALUES ('rus', '1jo' , 001, 010);
INSERT INTO chapterSize VALUES ('rus', '1jo' , 002, 029);
INSERT INTO chapterSize VALUES ('rus', '1jo' , 003, 024);
INSERT INTO chapterSize VALUES ('rus', '1jo' , 004, 021);
INSERT INTO chapterSize VALUES ('rus', '1jo' , 005, 021);
INSERT INTO chapterSize VALUES ('rus', '2jo' , 001, 013);
INSERT INTO chapterSize VALUES ('rus', '3jo' , 001, 014);
INSERT INTO chapterSize VALUES ('rus', 'jude', 001, 025);
INSERT INTO chapterSize VALUES ('rus', 'ro'  , 001, 032);
INSERT INTO chapterSize VALUES ('rus', 'ro'  , 002, 029);
INSERT INTO chapterSize VALUES ('rus', 'ro'  , 003, 031);
INSERT INTO chapterSize VALUES ('rus', 'ro'  , 004, 025);
INSERT INTO chapterSize VALUES ('rus', 'ro'  , 005, 021);
INSERT INTO chapterSize VALUES ('rus', 'ro'  , 006, 023);
INSERT INTO chapterSize VALUES ('rus', 'ro'  , 007, 025);
INSERT INTO chapterSize VALUES ('rus', 'ro'  , 008, 039);
INSERT INTO chapterSize VALUES ('rus', 'ro'  , 009, 033);
INSERT INTO chapterSize VALUES ('rus', 'ro'  , 010, 021);
INSERT INTO chapterSize VALUES ('rus', 'ro'  , 011, 036);
INSERT INTO chapterSize VALUES ('rus', 'ro'  , 012, 021);
INSERT INTO chapterSize VALUES ('rus', 'ro'  , 013, 014);
INSERT INTO chapterSize VALUES ('rus', 'ro'  , 014, 026);
INSERT INTO chapterSize VALUES ('rus', 'ro'  , 015, 033);
INSERT INTO chapterSize VALUES ('rus', 'ro'  , 016, 024);
INSERT INTO chapterSize VALUES ('rus', '1co' , 001, 031);
INSERT INTO chapterSize VALUES ('rus', '1co' , 002, 016);
INSERT INTO chapterSize VALUES ('rus', '1co' , 003, 023);
INSERT INTO chapterSize VALUES ('rus', '1co' , 004, 021);
INSERT INTO chapterSize VALUES ('rus', '1co' , 005, 013);
INSERT INTO chapterSize VALUES ('rus', '1co' , 006, 020);
INSERT INTO chapterSize VALUES ('rus', '1co' , 007, 040);
INSERT INTO chapterSize VALUES ('rus', '1co' , 008, 013);
INSERT INTO chapterSize VALUES ('rus', '1co' , 009, 027);
INSERT INTO chapterSize VALUES ('rus', '1co' , 010, 033);
INSERT INTO chapterSize VALUES ('rus', '1co' , 011, 034);
INSERT INTO chapterSize VALUES ('rus', '1co' , 012, 031);
INSERT INTO chapterSize VALUES ('rus', '1co' , 013, 013);
INSERT INTO chapterSize VALUES ('rus', '1co' , 014, 040);
INSERT INTO chapterSize VALUES ('rus', '1co' , 015, 058);
INSERT INTO chapterSize VALUES ('rus', '1co' , 016, 024);
INSERT INTO chapterSize VALUES ('rus', '2co' , 001, 024);
INSERT INTO chapterSize VALUES ('rus', '2co' , 002, 017);
INSERT INTO chapterSize VALUES ('rus', '2co' , 003, 018);
INSERT INTO chapterSize VALUES ('rus', '2co' , 004, 018);
INSERT INTO chapterSize VALUES ('rus', '2co' , 005, 021);
INSERT INTO chapterSize VALUES ('rus', '2co' , 006, 018);
INSERT INTO chapterSize VALUES ('rus', '2co' , 007, 016);
INSERT INTO chapterSize VALUES ('rus', '2co' , 008, 024);
INSERT INTO chapterSize VALUES ('rus', '2co' , 009, 015);
INSERT INTO chapterSize VALUES ('rus', '2co' , 010, 018);
INSERT INTO chapterSize VALUES ('rus', '2co' , 011, 033);
INSERT INTO chapterSize VALUES ('rus', '2co' , 012, 021);
INSERT INTO chapterSize VALUES ('rus', '2co' , 013, 013);
INSERT INTO chapterSize VALUES ('rus', 'ga'  , 001, 024);
INSERT INTO chapterSize VALUES ('rus', 'ga'  , 002, 021);
INSERT INTO chapterSize VALUES ('rus', 'ga'  , 003, 029);
INSERT INTO chapterSize VALUES ('rus', 'ga'  , 004, 031);
INSERT INTO chapterSize VALUES ('rus', 'ga'  , 005, 026);
INSERT INTO chapterSize VALUES ('rus', 'ga'  , 006, 018);
INSERT INTO chapterSize VALUES ('rus', 'eph' , 001, 023);
INSERT INTO chapterSize VALUES ('rus', 'eph' , 002, 022);
INSERT INTO chapterSize VALUES ('rus', 'eph' , 003, 021);
INSERT INTO chapterSize VALUES ('rus', 'eph' , 004, 032);
INSERT INTO chapterSize VALUES ('rus', 'eph' , 005, 033);
INSERT INTO chapterSize VALUES ('rus', 'eph' , 006, 024);
INSERT INTO chapterSize VALUES ('rus', 'php' , 001, 030);
INSERT INTO chapterSize VALUES ('rus', 'php' , 002, 030);
INSERT INTO chapterSize VALUES ('rus', 'php' , 003, 021);
INSERT INTO chapterSize VALUES ('rus', 'php' , 004, 023);
INSERT INTO chapterSize VALUES ('rus', 'col' , 001, 029);
INSERT INTO chapterSize VALUES ('rus', 'col' , 002, 023);
INSERT INTO chapterSize VALUES ('rus', 'col' , 003, 025);
INSERT INTO chapterSize VALUES ('rus', 'col' , 004, 018);
INSERT INTO chapterSize VALUES ('rus', '1th' , 001, 010);
INSERT INTO chapterSize VALUES ('rus', '1th' , 002, 020);
INSERT INTO chapterSize VALUES ('rus', '1th' , 003, 013);
INSERT INTO chapterSize VALUES ('rus', '1th' , 004, 018);
INSERT INTO chapterSize VALUES ('rus', '1th' , 005, 028);
INSERT INTO chapterSize VALUES ('rus', '2th' , 001, 012);
INSERT INTO chapterSize VALUES ('rus', '2th' , 002, 017);
INSERT INTO chapterSize VALUES ('rus', '2th' , 003, 018);
INSERT INTO chapterSize VALUES ('rus', '1ti' , 001, 020);
INSERT INTO chapterSize VALUES ('rus', '1ti' , 002, 015);
INSERT INTO chapterSize VALUES ('rus', '1ti' , 003, 016);
INSERT INTO chapterSize VALUES ('rus', '1ti' , 004, 016);
INSERT INTO chapterSize VALUES ('rus', '1ti' , 005, 025);
INSERT INTO chapterSize VALUES ('rus', '1ti' , 006, 021);
INSERT INTO chapterSize VALUES ('rus', '2ti' , 001, 018);
INSERT INTO chapterSize VALUES ('rus', '2ti' , 002, 026);
INSERT INTO chapterSize VALUES ('rus', '2ti' , 003, 017);
INSERT INTO chapterSize VALUES ('rus', '2ti' , 004, 022);
INSERT INTO chapterSize VALUES ('rus', 'tit' , 001, 016);
INSERT INTO chapterSize VALUES ('rus', 'tit' , 002, 015);
INSERT INTO chapterSize VALUES ('rus', 'tit' , 003, 015);
INSERT INTO chapterSize VALUES ('rus', 'phm' , 001, 025);
INSERT INTO chapterSize VALUES ('rus', 'heb' , 001, 014);
INSERT INTO chapterSize VALUES ('rus', 'heb' , 002, 018);
INSERT INTO chapterSize VALUES ('rus', 'heb' , 003, 019);
INSERT INTO chapterSize VALUES ('rus', 'heb' , 004, 016);
INSERT INTO chapterSize VALUES ('rus', 'heb' , 005, 014);
INSERT INTO chapterSize VALUES ('rus', 'heb' , 006, 020);
INSERT INTO chapterSize VALUES ('rus', 'heb' , 007, 028);
INSERT INTO chapterSize VALUES ('rus', 'heb' , 008, 013);
INSERT INTO chapterSize VALUES ('rus', 'heb' , 009, 028);
INSERT INTO chapterSize VALUES ('rus', 'heb' , 010, 039);
INSERT INTO chapterSize VALUES ('rus', 'heb' , 011, 040);
INSERT INTO chapterSize VALUES ('rus', 'heb' , 012, 029);
INSERT INTO chapterSize VALUES ('rus', 'heb' , 013, 025);
INSERT INTO chapterSize VALUES ('rus', 're'  , 001, 020);
INSERT INTO chapterSize VALUES ('rus', 're'  , 002, 029);
INSERT INTO chapterSize VALUES ('rus', 're'  , 003, 022);
INSERT INTO chapterSize VALUES ('rus', 're'  , 004, 011);
INSERT INTO chapterSize VALUES ('rus', 're'  , 005, 014);
INSERT INTO chapterSize VALUES ('rus', 're'  , 006, 017);
INSERT INTO chapterSize VALUES ('rus', 're'  , 007, 017);
INSERT INTO chapterSize VALUES ('rus', 're'  , 008, 013);
INSERT INTO chapterSize VALUES ('rus', 're'  , 009, 021);
INSERT INTO chapterSize VALUES ('rus', 're'  , 010, 011);
INSERT INTO chapterSize VALUES ('rus', 're'  , 011, 019);
INSERT INTO chapterSize VALUES ('rus', 're'  , 012, 017);
INSERT INTO chapterSize VALUES ('rus', 're'  , 013, 018);
INSERT INTO chapterSize VALUES ('rus', 're'  , 014, 020);
INSERT INTO chapterSize VALUES ('rus', 're'  , 015, 008);
INSERT INTO chapterSize VALUES ('rus', 're'  , 016, 021);
INSERT INTO chapterSize VALUES ('rus', 're'  , 017, 018);
INSERT INTO chapterSize VALUES ('rus', 're'  , 018, 024);
INSERT INTO chapterSize VALUES ('rus', 're'  , 019, 021);
INSERT INTO chapterSize VALUES ('rus', 're'  , 020, 015);
INSERT INTO chapterSize VALUES ('rus', 're'  , 021, 027);
INSERT INTO chapterSize VALUES ('rus', 're'  , 022, 021);

INSERT INTO chapterSize VALUES ('bel', 'ge'  , 001, 031);
INSERT INTO chapterSize VALUES ('bel', 'ge'  , 002, 025);
INSERT INTO chapterSize VALUES ('bel', 'ge'  , 003, 024);
INSERT INTO chapterSize VALUES ('bel', 'ge'  , 004, 026);
INSERT INTO chapterSize VALUES ('bel', 'ge'  , 005, 032);
INSERT INTO chapterSize VALUES ('bel', 'ge'  , 006, 022);
INSERT INTO chapterSize VALUES ('bel', 'ge'  , 007, 024);
INSERT INTO chapterSize VALUES ('bel', 'ge'  , 008, 022);
INSERT INTO chapterSize VALUES ('bel', 'ge'  , 009, 029);
INSERT INTO chapterSize VALUES ('bel', 'ge'  , 010, 032);
INSERT INTO chapterSize VALUES ('bel', 'ge'  , 011, 032);
INSERT INTO chapterSize VALUES ('bel', 'ge'  , 012, 020);
INSERT INTO chapterSize VALUES ('bel', 'ge'  , 013, 018);
INSERT INTO chapterSize VALUES ('bel', 'ge'  , 014, 024);
INSERT INTO chapterSize VALUES ('bel', 'ge'  , 015, 021);
INSERT INTO chapterSize VALUES ('bel', 'ge'  , 016, 015);
INSERT INTO chapterSize VALUES ('bel', 'ge'  , 017, 027);
INSERT INTO chapterSize VALUES ('bel', 'ge'  , 018, 033);
INSERT INTO chapterSize VALUES ('bel', 'ge'  , 019, 038);
INSERT INTO chapterSize VALUES ('bel', 'ge'  , 020, 018);
INSERT INTO chapterSize VALUES ('bel', 'ge'  , 021, 034);
INSERT INTO chapterSize VALUES ('bel', 'ge'  , 022, 024);
INSERT INTO chapterSize VALUES ('bel', 'ge'  , 023, 020);
INSERT INTO chapterSize VALUES ('bel', 'ge'  , 024, 067);
INSERT INTO chapterSize VALUES ('bel', 'ge'  , 025, 034);
INSERT INTO chapterSize VALUES ('bel', 'ge'  , 026, 035);
INSERT INTO chapterSize VALUES ('bel', 'ge'  , 027, 046);
INSERT INTO chapterSize VALUES ('bel', 'ge'  , 028, 022);
INSERT INTO chapterSize VALUES ('bel', 'ge'  , 029, 035);
INSERT INTO chapterSize VALUES ('bel', 'ge'  , 030, 043);
INSERT INTO chapterSize VALUES ('bel', 'ge'  , 031, 055);
INSERT INTO chapterSize VALUES ('bel', 'ge'  , 032, 032);
INSERT INTO chapterSize VALUES ('bel', 'ge'  , 033, 020);
INSERT INTO chapterSize VALUES ('bel', 'ge'  , 034, 031);
INSERT INTO chapterSize VALUES ('bel', 'ge'  , 035, 029);
INSERT INTO chapterSize VALUES ('bel', 'ge'  , 036, 043);
INSERT INTO chapterSize VALUES ('bel', 'ge'  , 037, 036);
INSERT INTO chapterSize VALUES ('bel', 'ge'  , 038, 030);
INSERT INTO chapterSize VALUES ('bel', 'ge'  , 039, 023);
INSERT INTO chapterSize VALUES ('bel', 'ge'  , 040, 023);
INSERT INTO chapterSize VALUES ('bel', 'ge'  , 041, 056);
INSERT INTO chapterSize VALUES ('bel', 'ge'  , 042, 038);
INSERT INTO chapterSize VALUES ('bel', 'ge'  , 043, 034);
INSERT INTO chapterSize VALUES ('bel', 'ge'  , 044, 034);
INSERT INTO chapterSize VALUES ('bel', 'ge'  , 045, 028);
INSERT INTO chapterSize VALUES ('bel', 'ge'  , 046, 034);
INSERT INTO chapterSize VALUES ('bel', 'ge'  , 047, 031);
INSERT INTO chapterSize VALUES ('bel', 'ge'  , 048, 023);
INSERT INTO chapterSize VALUES ('bel', 'ge'  , 049, 033);
INSERT INTO chapterSize VALUES ('bel', 'ge'  , 050, 026);
INSERT INTO chapterSize VALUES ('bel', 'ex'  , 001, 022);
INSERT INTO chapterSize VALUES ('bel', 'ex'  , 002, 025);
INSERT INTO chapterSize VALUES ('bel', 'ex'  , 003, 022);
INSERT INTO chapterSize VALUES ('bel', 'ex'  , 004, 031);
INSERT INTO chapterSize VALUES ('bel', 'ex'  , 005, 023);
INSERT INTO chapterSize VALUES ('bel', 'ex'  , 006, 030);
INSERT INTO chapterSize VALUES ('bel', 'ex'  , 007, 025);
INSERT INTO chapterSize VALUES ('bel', 'ex'  , 008, 032);
INSERT INTO chapterSize VALUES ('bel', 'ex'  , 009, 035);
INSERT INTO chapterSize VALUES ('bel', 'ex'  , 010, 029);
INSERT INTO chapterSize VALUES ('bel', 'ex'  , 011, 010);
INSERT INTO chapterSize VALUES ('bel', 'ex'  , 012, 051);
INSERT INTO chapterSize VALUES ('bel', 'ex'  , 013, 022);
INSERT INTO chapterSize VALUES ('bel', 'ex'  , 014, 031);
INSERT INTO chapterSize VALUES ('bel', 'ex'  , 015, 027);
INSERT INTO chapterSize VALUES ('bel', 'ex'  , 016, 036);
INSERT INTO chapterSize VALUES ('bel', 'ex'  , 017, 016);
INSERT INTO chapterSize VALUES ('bel', 'ex'  , 018, 027);
INSERT INTO chapterSize VALUES ('bel', 'ex'  , 019, 025);
INSERT INTO chapterSize VALUES ('bel', 'ex'  , 020, 026);
INSERT INTO chapterSize VALUES ('bel', 'ex'  , 021, 036);
INSERT INTO chapterSize VALUES ('bel', 'ex'  , 022, 031);
INSERT INTO chapterSize VALUES ('bel', 'ex'  , 023, 033);
INSERT INTO chapterSize VALUES ('bel', 'ex'  , 024, 018);
INSERT INTO chapterSize VALUES ('bel', 'ex'  , 025, 040);
INSERT INTO chapterSize VALUES ('bel', 'ex'  , 026, 037);
INSERT INTO chapterSize VALUES ('bel', 'ex'  , 027, 021);
INSERT INTO chapterSize VALUES ('bel', 'ex'  , 028, 043);
INSERT INTO chapterSize VALUES ('bel', 'ex'  , 029, 046);
INSERT INTO chapterSize VALUES ('bel', 'ex'  , 030, 038);
INSERT INTO chapterSize VALUES ('bel', 'ex'  , 031, 018);
INSERT INTO chapterSize VALUES ('bel', 'ex'  , 032, 035);
INSERT INTO chapterSize VALUES ('bel', 'ex'  , 033, 023);
INSERT INTO chapterSize VALUES ('bel', 'ex'  , 034, 035);
INSERT INTO chapterSize VALUES ('bel', 'ex'  , 035, 035);
INSERT INTO chapterSize VALUES ('bel', 'ex'  , 036, 038);
INSERT INTO chapterSize VALUES ('bel', 'ex'  , 037, 029);
INSERT INTO chapterSize VALUES ('bel', 'ex'  , 038, 031);
INSERT INTO chapterSize VALUES ('bel', 'ex'  , 039, 043);
INSERT INTO chapterSize VALUES ('bel', 'ex'  , 040, 038);
INSERT INTO chapterSize VALUES ('bel', 'le'  , 001, 017);
INSERT INTO chapterSize VALUES ('bel', 'le'  , 002, 016);
INSERT INTO chapterSize VALUES ('bel', 'le'  , 003, 017);
INSERT INTO chapterSize VALUES ('bel', 'le'  , 004, 035);
INSERT INTO chapterSize VALUES ('bel', 'le'  , 005, 019);
INSERT INTO chapterSize VALUES ('bel', 'le'  , 006, 030);
INSERT INTO chapterSize VALUES ('bel', 'le'  , 007, 038);
INSERT INTO chapterSize VALUES ('bel', 'le'  , 008, 036);
INSERT INTO chapterSize VALUES ('bel', 'le'  , 009, 024);
INSERT INTO chapterSize VALUES ('bel', 'le'  , 010, 020);
INSERT INTO chapterSize VALUES ('bel', 'le'  , 011, 047);
INSERT INTO chapterSize VALUES ('bel', 'le'  , 012, 008);
INSERT INTO chapterSize VALUES ('bel', 'le'  , 013, 059);
INSERT INTO chapterSize VALUES ('bel', 'le'  , 014, 056);
INSERT INTO chapterSize VALUES ('bel', 'le'  , 015, 033);
INSERT INTO chapterSize VALUES ('bel', 'le'  , 016, 034);
INSERT INTO chapterSize VALUES ('bel', 'le'  , 017, 016);
INSERT INTO chapterSize VALUES ('bel', 'le'  , 018, 031);
INSERT INTO chapterSize VALUES ('bel', 'le'  , 019, 037);
INSERT INTO chapterSize VALUES ('bel', 'le'  , 020, 027);
INSERT INTO chapterSize VALUES ('bel', 'le'  , 021, 024);
INSERT INTO chapterSize VALUES ('bel', 'le'  , 022, 033);
INSERT INTO chapterSize VALUES ('bel', 'le'  , 023, 044);
INSERT INTO chapterSize VALUES ('bel', 'le'  , 024, 023);
INSERT INTO chapterSize VALUES ('bel', 'le'  , 025, 055);
INSERT INTO chapterSize VALUES ('bel', 'le'  , 026, 046);
INSERT INTO chapterSize VALUES ('bel', 'le'  , 027, 034);
INSERT INTO chapterSize VALUES ('bel', 'nu'  , 001, 054);
INSERT INTO chapterSize VALUES ('bel', 'nu'  , 002, 034);
INSERT INTO chapterSize VALUES ('bel', 'nu'  , 003, 051);
INSERT INTO chapterSize VALUES ('bel', 'nu'  , 004, 049);
INSERT INTO chapterSize VALUES ('bel', 'nu'  , 005, 031);
INSERT INTO chapterSize VALUES ('bel', 'nu'  , 006, 027);
INSERT INTO chapterSize VALUES ('bel', 'nu'  , 007, 089);
INSERT INTO chapterSize VALUES ('bel', 'nu'  , 008, 026);
INSERT INTO chapterSize VALUES ('bel', 'nu'  , 009, 023);
INSERT INTO chapterSize VALUES ('bel', 'nu'  , 010, 036);
INSERT INTO chapterSize VALUES ('bel', 'nu'  , 011, 035);
INSERT INTO chapterSize VALUES ('bel', 'nu'  , 012, 015);
INSERT INTO chapterSize VALUES ('bel', 'nu'  , 013, 034);
INSERT INTO chapterSize VALUES ('bel', 'nu'  , 014, 045);
INSERT INTO chapterSize VALUES ('bel', 'nu'  , 015, 041);
INSERT INTO chapterSize VALUES ('bel', 'nu'  , 016, 050);
INSERT INTO chapterSize VALUES ('bel', 'nu'  , 017, 013);
INSERT INTO chapterSize VALUES ('bel', 'nu'  , 018, 032);
INSERT INTO chapterSize VALUES ('bel', 'nu'  , 019, 022);
INSERT INTO chapterSize VALUES ('bel', 'nu'  , 020, 029);
INSERT INTO chapterSize VALUES ('bel', 'nu'  , 021, 035);
INSERT INTO chapterSize VALUES ('bel', 'nu'  , 022, 041);
INSERT INTO chapterSize VALUES ('bel', 'nu'  , 023, 030);
INSERT INTO chapterSize VALUES ('bel', 'nu'  , 024, 025);
INSERT INTO chapterSize VALUES ('bel', 'nu'  , 025, 018);
INSERT INTO chapterSize VALUES ('bel', 'nu'  , 026, 065);
INSERT INTO chapterSize VALUES ('bel', 'nu'  , 027, 023);
INSERT INTO chapterSize VALUES ('bel', 'nu'  , 028, 031);
INSERT INTO chapterSize VALUES ('bel', 'nu'  , 029, 039);
INSERT INTO chapterSize VALUES ('bel', 'nu'  , 030, 017);
INSERT INTO chapterSize VALUES ('bel', 'nu'  , 031, 054);
INSERT INTO chapterSize VALUES ('bel', 'nu'  , 032, 042);
INSERT INTO chapterSize VALUES ('bel', 'nu'  , 033, 056);
INSERT INTO chapterSize VALUES ('bel', 'nu'  , 034, 029);
INSERT INTO chapterSize VALUES ('bel', 'nu'  , 035, 034);
INSERT INTO chapterSize VALUES ('bel', 'nu'  , 036, 013);
INSERT INTO chapterSize VALUES ('bel', 'de'  , 001, 046);
INSERT INTO chapterSize VALUES ('bel', 'de'  , 002, 037);
INSERT INTO chapterSize VALUES ('bel', 'de'  , 003, 029);
INSERT INTO chapterSize VALUES ('bel', 'de'  , 004, 049);
INSERT INTO chapterSize VALUES ('bel', 'de'  , 005, 033);
INSERT INTO chapterSize VALUES ('bel', 'de'  , 006, 025);
INSERT INTO chapterSize VALUES ('bel', 'de'  , 007, 026);
INSERT INTO chapterSize VALUES ('bel', 'de'  , 008, 020);
INSERT INTO chapterSize VALUES ('bel', 'de'  , 009, 029);
INSERT INTO chapterSize VALUES ('bel', 'de'  , 010, 022);
INSERT INTO chapterSize VALUES ('bel', 'de'  , 011, 032);
INSERT INTO chapterSize VALUES ('bel', 'de'  , 012, 032);
INSERT INTO chapterSize VALUES ('bel', 'de'  , 013, 018);
INSERT INTO chapterSize VALUES ('bel', 'de'  , 014, 029);
INSERT INTO chapterSize VALUES ('bel', 'de'  , 015, 023);
INSERT INTO chapterSize VALUES ('bel', 'de'  , 016, 022);
INSERT INTO chapterSize VALUES ('bel', 'de'  , 017, 020);
INSERT INTO chapterSize VALUES ('bel', 'de'  , 018, 022);
INSERT INTO chapterSize VALUES ('bel', 'de'  , 019, 021);
INSERT INTO chapterSize VALUES ('bel', 'de'  , 020, 020);
INSERT INTO chapterSize VALUES ('bel', 'de'  , 021, 023);
INSERT INTO chapterSize VALUES ('bel', 'de'  , 022, 030);
INSERT INTO chapterSize VALUES ('bel', 'de'  , 023, 025);
INSERT INTO chapterSize VALUES ('bel', 'de'  , 024, 022);
INSERT INTO chapterSize VALUES ('bel', 'de'  , 025, 019);
INSERT INTO chapterSize VALUES ('bel', 'de'  , 026, 019);
INSERT INTO chapterSize VALUES ('bel', 'de'  , 027, 026);
INSERT INTO chapterSize VALUES ('bel', 'de'  , 028, 068);
INSERT INTO chapterSize VALUES ('bel', 'de'  , 029, 029);
INSERT INTO chapterSize VALUES ('bel', 'de'  , 030, 020);
INSERT INTO chapterSize VALUES ('bel', 'de'  , 031, 030);
INSERT INTO chapterSize VALUES ('bel', 'de'  , 032, 052);
INSERT INTO chapterSize VALUES ('bel', 'de'  , 033, 029);
INSERT INTO chapterSize VALUES ('bel', 'de'  , 034, 012);
INSERT INTO chapterSize VALUES ('bel', 'jos' , 001, 018);
INSERT INTO chapterSize VALUES ('bel', 'jos' , 002, 024);
INSERT INTO chapterSize VALUES ('bel', 'jos' , 003, 017);
INSERT INTO chapterSize VALUES ('bel', 'jos' , 004, 024);
INSERT INTO chapterSize VALUES ('bel', 'jos' , 005, 016);
INSERT INTO chapterSize VALUES ('bel', 'jos' , 006, 026);
INSERT INTO chapterSize VALUES ('bel', 'jos' , 007, 026);
INSERT INTO chapterSize VALUES ('bel', 'jos' , 008, 035);
INSERT INTO chapterSize VALUES ('bel', 'jos' , 009, 027);
INSERT INTO chapterSize VALUES ('bel', 'jos' , 010, 043);
INSERT INTO chapterSize VALUES ('bel', 'jos' , 011, 023);
INSERT INTO chapterSize VALUES ('bel', 'jos' , 012, 024);
INSERT INTO chapterSize VALUES ('bel', 'jos' , 013, 033);
INSERT INTO chapterSize VALUES ('bel', 'jos' , 014, 015);
INSERT INTO chapterSize VALUES ('bel', 'jos' , 015, 063);
INSERT INTO chapterSize VALUES ('bel', 'jos' , 016, 010);
INSERT INTO chapterSize VALUES ('bel', 'jos' , 017, 018);
INSERT INTO chapterSize VALUES ('bel', 'jos' , 018, 028);
INSERT INTO chapterSize VALUES ('bel', 'jos' , 019, 051);
INSERT INTO chapterSize VALUES ('bel', 'jos' , 020, 009);
INSERT INTO chapterSize VALUES ('bel', 'jos' , 021, 045);
INSERT INTO chapterSize VALUES ('bel', 'jos' , 022, 034);
INSERT INTO chapterSize VALUES ('bel', 'jos' , 023, 016);
INSERT INTO chapterSize VALUES ('bel', 'jos' , 024, 033);
INSERT INTO chapterSize VALUES ('bel', 'jg'  , 001, 036);
INSERT INTO chapterSize VALUES ('bel', 'jg'  , 002, 023);
INSERT INTO chapterSize VALUES ('bel', 'jg'  , 003, 031);
INSERT INTO chapterSize VALUES ('bel', 'jg'  , 004, 024);
INSERT INTO chapterSize VALUES ('bel', 'jg'  , 005, 031);
INSERT INTO chapterSize VALUES ('bel', 'jg'  , 006, 040);
INSERT INTO chapterSize VALUES ('bel', 'jg'  , 007, 025);
INSERT INTO chapterSize VALUES ('bel', 'jg'  , 008, 035);
INSERT INTO chapterSize VALUES ('bel', 'jg'  , 009, 057);
INSERT INTO chapterSize VALUES ('bel', 'jg'  , 010, 018);
INSERT INTO chapterSize VALUES ('bel', 'jg'  , 011, 040);
INSERT INTO chapterSize VALUES ('bel', 'jg'  , 012, 015);
INSERT INTO chapterSize VALUES ('bel', 'jg'  , 013, 025);
INSERT INTO chapterSize VALUES ('bel', 'jg'  , 014, 020);
INSERT INTO chapterSize VALUES ('bel', 'jg'  , 015, 020);
INSERT INTO chapterSize VALUES ('bel', 'jg'  , 016, 031);
INSERT INTO chapterSize VALUES ('bel', 'jg'  , 017, 013);
INSERT INTO chapterSize VALUES ('bel', 'jg'  , 018, 031);
INSERT INTO chapterSize VALUES ('bel', 'jg'  , 019, 030);
INSERT INTO chapterSize VALUES ('bel', 'jg'  , 020, 048);
INSERT INTO chapterSize VALUES ('bel', 'jg'  , 021, 025);
INSERT INTO chapterSize VALUES ('bel', 'ru'  , 001, 022);
INSERT INTO chapterSize VALUES ('bel', 'ru'  , 002, 023);
INSERT INTO chapterSize VALUES ('bel', 'ru'  , 003, 018);
INSERT INTO chapterSize VALUES ('bel', 'ru'  , 004, 022);
INSERT INTO chapterSize VALUES ('bel', '1sa' , 001, 028);
INSERT INTO chapterSize VALUES ('bel', '1sa' , 002, 036);
INSERT INTO chapterSize VALUES ('bel', '1sa' , 003, 021);
INSERT INTO chapterSize VALUES ('bel', '1sa' , 004, 022);
INSERT INTO chapterSize VALUES ('bel', '1sa' , 005, 012);
INSERT INTO chapterSize VALUES ('bel', '1sa' , 006, 021);
INSERT INTO chapterSize VALUES ('bel', '1sa' , 007, 017);
INSERT INTO chapterSize VALUES ('bel', '1sa' , 008, 022);
INSERT INTO chapterSize VALUES ('bel', '1sa' , 009, 027);
INSERT INTO chapterSize VALUES ('bel', '1sa' , 010, 027);
INSERT INTO chapterSize VALUES ('bel', '1sa' , 011, 015);
INSERT INTO chapterSize VALUES ('bel', '1sa' , 012, 025);
INSERT INTO chapterSize VALUES ('bel', '1sa' , 013, 023);
INSERT INTO chapterSize VALUES ('bel', '1sa' , 014, 052);
INSERT INTO chapterSize VALUES ('bel', '1sa' , 015, 035);
INSERT INTO chapterSize VALUES ('bel', '1sa' , 016, 023);
INSERT INTO chapterSize VALUES ('bel', '1sa' , 017, 058);
INSERT INTO chapterSize VALUES ('bel', '1sa' , 018, 030);
INSERT INTO chapterSize VALUES ('bel', '1sa' , 019, 024);
INSERT INTO chapterSize VALUES ('bel', '1sa' , 020, 043);
INSERT INTO chapterSize VALUES ('bel', '1sa' , 021, 015);
INSERT INTO chapterSize VALUES ('bel', '1sa' , 022, 023);
INSERT INTO chapterSize VALUES ('bel', '1sa' , 023, 028);
INSERT INTO chapterSize VALUES ('bel', '1sa' , 024, 023);
INSERT INTO chapterSize VALUES ('bel', '1sa' , 025, 044);
INSERT INTO chapterSize VALUES ('bel', '1sa' , 026, 025);
INSERT INTO chapterSize VALUES ('bel', '1sa' , 027, 012);
INSERT INTO chapterSize VALUES ('bel', '1sa' , 028, 025);
INSERT INTO chapterSize VALUES ('bel', '1sa' , 029, 011);
INSERT INTO chapterSize VALUES ('bel', '1sa' , 030, 031);
INSERT INTO chapterSize VALUES ('bel', '1sa' , 031, 013);
INSERT INTO chapterSize VALUES ('bel', '2sa' , 001, 027);
INSERT INTO chapterSize VALUES ('bel', '2sa' , 002, 032);
INSERT INTO chapterSize VALUES ('bel', '2sa' , 003, 039);
INSERT INTO chapterSize VALUES ('bel', '2sa' , 004, 012);
INSERT INTO chapterSize VALUES ('bel', '2sa' , 005, 025);
INSERT INTO chapterSize VALUES ('bel', '2sa' , 006, 023);
INSERT INTO chapterSize VALUES ('bel', '2sa' , 007, 029);
INSERT INTO chapterSize VALUES ('bel', '2sa' , 008, 018);
INSERT INTO chapterSize VALUES ('bel', '2sa' , 009, 013);
INSERT INTO chapterSize VALUES ('bel', '2sa' , 010, 019);
INSERT INTO chapterSize VALUES ('bel', '2sa' , 011, 027);
INSERT INTO chapterSize VALUES ('bel', '2sa' , 012, 031);
INSERT INTO chapterSize VALUES ('bel', '2sa' , 013, 039);
INSERT INTO chapterSize VALUES ('bel', '2sa' , 014, 033);
INSERT INTO chapterSize VALUES ('bel', '2sa' , 015, 037);
INSERT INTO chapterSize VALUES ('bel', '2sa' , 016, 023);
INSERT INTO chapterSize VALUES ('bel', '2sa' , 017, 029);
INSERT INTO chapterSize VALUES ('bel', '2sa' , 018, 033);
INSERT INTO chapterSize VALUES ('bel', '2sa' , 019, 043);
INSERT INTO chapterSize VALUES ('bel', '2sa' , 020, 026);
INSERT INTO chapterSize VALUES ('bel', '2sa' , 021, 022);
INSERT INTO chapterSize VALUES ('bel', '2sa' , 022, 051);
INSERT INTO chapterSize VALUES ('bel', '2sa' , 023, 039);
INSERT INTO chapterSize VALUES ('bel', '2sa' , 024, 025);
INSERT INTO chapterSize VALUES ('bel', '1ki' , 001, 053);
INSERT INTO chapterSize VALUES ('bel', '1ki' , 002, 046);
INSERT INTO chapterSize VALUES ('bel', '1ki' , 003, 028);
INSERT INTO chapterSize VALUES ('bel', '1ki' , 004, 034);
INSERT INTO chapterSize VALUES ('bel', '1ki' , 005, 018);
INSERT INTO chapterSize VALUES ('bel', '1ki' , 006, 038);
INSERT INTO chapterSize VALUES ('bel', '1ki' , 007, 051);
INSERT INTO chapterSize VALUES ('bel', '1ki' , 008, 066);
INSERT INTO chapterSize VALUES ('bel', '1ki' , 009, 028);
INSERT INTO chapterSize VALUES ('bel', '1ki' , 010, 029);
INSERT INTO chapterSize VALUES ('bel', '1ki' , 011, 043);
INSERT INTO chapterSize VALUES ('bel', '1ki' , 012, 033);
INSERT INTO chapterSize VALUES ('bel', '1ki' , 013, 034);
INSERT INTO chapterSize VALUES ('bel', '1ki' , 014, 031);
INSERT INTO chapterSize VALUES ('bel', '1ki' , 015, 034);
INSERT INTO chapterSize VALUES ('bel', '1ki' , 016, 034);
INSERT INTO chapterSize VALUES ('bel', '1ki' , 017, 024);
INSERT INTO chapterSize VALUES ('bel', '1ki' , 018, 046);
INSERT INTO chapterSize VALUES ('bel', '1ki' , 019, 021);
INSERT INTO chapterSize VALUES ('bel', '1ki' , 020, 043);
INSERT INTO chapterSize VALUES ('bel', '1ki' , 021, 029);
INSERT INTO chapterSize VALUES ('bel', '1ki' , 022, 053);
INSERT INTO chapterSize VALUES ('bel', '2ki' , 001, 018);
INSERT INTO chapterSize VALUES ('bel', '2ki' , 002, 025);
INSERT INTO chapterSize VALUES ('bel', '2ki' , 003, 027);
INSERT INTO chapterSize VALUES ('bel', '2ki' , 004, 044);
INSERT INTO chapterSize VALUES ('bel', '2ki' , 005, 027);
INSERT INTO chapterSize VALUES ('bel', '2ki' , 006, 033);
INSERT INTO chapterSize VALUES ('bel', '2ki' , 007, 020);
INSERT INTO chapterSize VALUES ('bel', '2ki' , 008, 029);
INSERT INTO chapterSize VALUES ('bel', '2ki' , 009, 037);
INSERT INTO chapterSize VALUES ('bel', '2ki' , 010, 036);
INSERT INTO chapterSize VALUES ('bel', '2ki' , 011, 021);
INSERT INTO chapterSize VALUES ('bel', '2ki' , 012, 021);
INSERT INTO chapterSize VALUES ('bel', '2ki' , 013, 025);
INSERT INTO chapterSize VALUES ('bel', '2ki' , 014, 029);
INSERT INTO chapterSize VALUES ('bel', '2ki' , 015, 038);
INSERT INTO chapterSize VALUES ('bel', '2ki' , 016, 020);
INSERT INTO chapterSize VALUES ('bel', '2ki' , 017, 041);
INSERT INTO chapterSize VALUES ('bel', '2ki' , 018, 037);
INSERT INTO chapterSize VALUES ('bel', '2ki' , 019, 037);
INSERT INTO chapterSize VALUES ('bel', '2ki' , 020, 021);
INSERT INTO chapterSize VALUES ('bel', '2ki' , 021, 025);
INSERT INTO chapterSize VALUES ('bel', '2ki' , 022, 018);
INSERT INTO chapterSize VALUES ('bel', '2ki' , 023, 037);
INSERT INTO chapterSize VALUES ('bel', '2ki' , 024, 020);
INSERT INTO chapterSize VALUES ('bel', '2ki' , 025, 030);
INSERT INTO chapterSize VALUES ('bel', '1ch' , 001, 054);
INSERT INTO chapterSize VALUES ('bel', '1ch' , 002, 055);
INSERT INTO chapterSize VALUES ('bel', '1ch' , 003, 023);
INSERT INTO chapterSize VALUES ('bel', '1ch' , 004, 043);
INSERT INTO chapterSize VALUES ('bel', '1ch' , 005, 026);
INSERT INTO chapterSize VALUES ('bel', '1ch' , 006, 081);
INSERT INTO chapterSize VALUES ('bel', '1ch' , 007, 040);
INSERT INTO chapterSize VALUES ('bel', '1ch' , 008, 040);
INSERT INTO chapterSize VALUES ('bel', '1ch' , 009, 044);
INSERT INTO chapterSize VALUES ('bel', '1ch' , 010, 014);
INSERT INTO chapterSize VALUES ('bel', '1ch' , 011, 047);
INSERT INTO chapterSize VALUES ('bel', '1ch' , 012, 040);
INSERT INTO chapterSize VALUES ('bel', '1ch' , 013, 014);
INSERT INTO chapterSize VALUES ('bel', '1ch' , 014, 017);
INSERT INTO chapterSize VALUES ('bel', '1ch' , 015, 029);
INSERT INTO chapterSize VALUES ('bel', '1ch' , 016, 043);
INSERT INTO chapterSize VALUES ('bel', '1ch' , 017, 027);
INSERT INTO chapterSize VALUES ('bel', '1ch' , 018, 017);
INSERT INTO chapterSize VALUES ('bel', '1ch' , 019, 019);
INSERT INTO chapterSize VALUES ('bel', '1ch' , 020, 008);
INSERT INTO chapterSize VALUES ('bel', '1ch' , 021, 030);
INSERT INTO chapterSize VALUES ('bel', '1ch' , 022, 019);
INSERT INTO chapterSize VALUES ('bel', '1ch' , 023, 032);
INSERT INTO chapterSize VALUES ('bel', '1ch' , 024, 031);
INSERT INTO chapterSize VALUES ('bel', '1ch' , 025, 031);
INSERT INTO chapterSize VALUES ('bel', '1ch' , 026, 032);
INSERT INTO chapterSize VALUES ('bel', '1ch' , 027, 034);
INSERT INTO chapterSize VALUES ('bel', '1ch' , 028, 021);
INSERT INTO chapterSize VALUES ('bel', '1ch' , 029, 030);
INSERT INTO chapterSize VALUES ('bel', '2ch' , 001, 017);
INSERT INTO chapterSize VALUES ('bel', '2ch' , 002, 018);
INSERT INTO chapterSize VALUES ('bel', '2ch' , 003, 017);
INSERT INTO chapterSize VALUES ('bel', '2ch' , 004, 022);
INSERT INTO chapterSize VALUES ('bel', '2ch' , 005, 014);
INSERT INTO chapterSize VALUES ('bel', '2ch' , 006, 042);
INSERT INTO chapterSize VALUES ('bel', '2ch' , 007, 022);
INSERT INTO chapterSize VALUES ('bel', '2ch' , 008, 018);
INSERT INTO chapterSize VALUES ('bel', '2ch' , 009, 030);
INSERT INTO chapterSize VALUES ('bel', '2ch' , 010, 019);
INSERT INTO chapterSize VALUES ('bel', '2ch' , 011, 023);
INSERT INTO chapterSize VALUES ('bel', '2ch' , 012, 016);
INSERT INTO chapterSize VALUES ('bel', '2ch' , 013, 022);
INSERT INTO chapterSize VALUES ('bel', '2ch' , 014, 015);
INSERT INTO chapterSize VALUES ('bel', '2ch' , 015, 019);
INSERT INTO chapterSize VALUES ('bel', '2ch' , 016, 014);
INSERT INTO chapterSize VALUES ('bel', '2ch' , 017, 019);
INSERT INTO chapterSize VALUES ('bel', '2ch' , 018, 034);
INSERT INTO chapterSize VALUES ('bel', '2ch' , 019, 011);
INSERT INTO chapterSize VALUES ('bel', '2ch' , 020, 037);
INSERT INTO chapterSize VALUES ('bel', '2ch' , 021, 020);
INSERT INTO chapterSize VALUES ('bel', '2ch' , 022, 012);
INSERT INTO chapterSize VALUES ('bel', '2ch' , 023, 021);
INSERT INTO chapterSize VALUES ('bel', '2ch' , 024, 027);
INSERT INTO chapterSize VALUES ('bel', '2ch' , 025, 028);
INSERT INTO chapterSize VALUES ('bel', '2ch' , 026, 023);
INSERT INTO chapterSize VALUES ('bel', '2ch' , 027, 009);
INSERT INTO chapterSize VALUES ('bel', '2ch' , 028, 026);
INSERT INTO chapterSize VALUES ('bel', '2ch' , 029, 036);
INSERT INTO chapterSize VALUES ('bel', '2ch' , 030, 027);
INSERT INTO chapterSize VALUES ('bel', '2ch' , 031, 021);
INSERT INTO chapterSize VALUES ('bel', '2ch' , 032, 033);
INSERT INTO chapterSize VALUES ('bel', '2ch' , 033, 025);
INSERT INTO chapterSize VALUES ('bel', '2ch' , 034, 033);
INSERT INTO chapterSize VALUES ('bel', '2ch' , 035, 027);
INSERT INTO chapterSize VALUES ('bel', '2ch' , 036, 023);
INSERT INTO chapterSize VALUES ('bel', 'ezr' , 001, 011);
INSERT INTO chapterSize VALUES ('bel', 'ezr' , 002, 069);
INSERT INTO chapterSize VALUES ('bel', 'ezr' , 003, 013);
INSERT INTO chapterSize VALUES ('bel', 'ezr' , 004, 024);
INSERT INTO chapterSize VALUES ('bel', 'ezr' , 005, 017);
INSERT INTO chapterSize VALUES ('bel', 'ezr' , 006, 022);
INSERT INTO chapterSize VALUES ('bel', 'ezr' , 007, 028);
INSERT INTO chapterSize VALUES ('bel', 'ezr' , 008, 036);
INSERT INTO chapterSize VALUES ('bel', 'ezr' , 009, 015);
INSERT INTO chapterSize VALUES ('bel', 'ezr' , 010, 044);
INSERT INTO chapterSize VALUES ('bel', 'ne'  , 001, 011);
INSERT INTO chapterSize VALUES ('bel', 'ne'  , 002, 020);
INSERT INTO chapterSize VALUES ('bel', 'ne'  , 003, 032);
INSERT INTO chapterSize VALUES ('bel', 'ne'  , 004, 023);
INSERT INTO chapterSize VALUES ('bel', 'ne'  , 005, 019);
INSERT INTO chapterSize VALUES ('bel', 'ne'  , 006, 019);
INSERT INTO chapterSize VALUES ('bel', 'ne'  , 007, 073);
INSERT INTO chapterSize VALUES ('bel', 'ne'  , 008, 018);
INSERT INTO chapterSize VALUES ('bel', 'ne'  , 009, 038);
INSERT INTO chapterSize VALUES ('bel', 'ne'  , 010, 038);
INSERT INTO chapterSize VALUES ('bel', 'ne'  , 011, 036);
INSERT INTO chapterSize VALUES ('bel', 'ne'  , 012, 047);
INSERT INTO chapterSize VALUES ('bel', 'ne'  , 013, 031);
INSERT INTO chapterSize VALUES ('bel', 'es'  , 001, 022);
INSERT INTO chapterSize VALUES ('bel', 'es'  , 002, 023);
INSERT INTO chapterSize VALUES ('bel', 'es'  , 003, 015);
INSERT INTO chapterSize VALUES ('bel', 'es'  , 004, 017);
INSERT INTO chapterSize VALUES ('bel', 'es'  , 005, 014);
INSERT INTO chapterSize VALUES ('bel', 'es'  , 006, 014);
INSERT INTO chapterSize VALUES ('bel', 'es'  , 007, 010);
INSERT INTO chapterSize VALUES ('bel', 'es'  , 008, 017);
INSERT INTO chapterSize VALUES ('bel', 'es'  , 009, 032);
INSERT INTO chapterSize VALUES ('bel', 'es'  , 010, 003);
INSERT INTO chapterSize VALUES ('bel', 'job' , 001, 022);
INSERT INTO chapterSize VALUES ('bel', 'job' , 002, 013);
INSERT INTO chapterSize VALUES ('bel', 'job' , 003, 026);
INSERT INTO chapterSize VALUES ('bel', 'job' , 004, 021);
INSERT INTO chapterSize VALUES ('bel', 'job' , 005, 027);
INSERT INTO chapterSize VALUES ('bel', 'job' , 006, 030);
INSERT INTO chapterSize VALUES ('bel', 'job' , 007, 021);
INSERT INTO chapterSize VALUES ('bel', 'job' , 008, 022);
INSERT INTO chapterSize VALUES ('bel', 'job' , 009, 035);
INSERT INTO chapterSize VALUES ('bel', 'job' , 010, 022);
INSERT INTO chapterSize VALUES ('bel', 'job' , 011, 020);
INSERT INTO chapterSize VALUES ('bel', 'job' , 012, 025);
INSERT INTO chapterSize VALUES ('bel', 'job' , 013, 028);
INSERT INTO chapterSize VALUES ('bel', 'job' , 014, 022);
INSERT INTO chapterSize VALUES ('bel', 'job' , 015, 035);
INSERT INTO chapterSize VALUES ('bel', 'job' , 016, 022);
INSERT INTO chapterSize VALUES ('bel', 'job' , 017, 016);
INSERT INTO chapterSize VALUES ('bel', 'job' , 018, 021);
INSERT INTO chapterSize VALUES ('bel', 'job' , 019, 029);
INSERT INTO chapterSize VALUES ('bel', 'job' , 020, 029);
INSERT INTO chapterSize VALUES ('bel', 'job' , 021, 034);
INSERT INTO chapterSize VALUES ('bel', 'job' , 022, 030);
INSERT INTO chapterSize VALUES ('bel', 'job' , 023, 017);
INSERT INTO chapterSize VALUES ('bel', 'job' , 024, 025);
INSERT INTO chapterSize VALUES ('bel', 'job' , 025, 006);
INSERT INTO chapterSize VALUES ('bel', 'job' , 026, 014);
INSERT INTO chapterSize VALUES ('bel', 'job' , 027, 023);
INSERT INTO chapterSize VALUES ('bel', 'job' , 028, 028);
INSERT INTO chapterSize VALUES ('bel', 'job' , 029, 025);
INSERT INTO chapterSize VALUES ('bel', 'job' , 030, 031);
INSERT INTO chapterSize VALUES ('bel', 'job' , 031, 040);
INSERT INTO chapterSize VALUES ('bel', 'job' , 032, 022);
INSERT INTO chapterSize VALUES ('bel', 'job' , 033, 033);
INSERT INTO chapterSize VALUES ('bel', 'job' , 034, 037);
INSERT INTO chapterSize VALUES ('bel', 'job' , 035, 016);
INSERT INTO chapterSize VALUES ('bel', 'job' , 036, 033);
INSERT INTO chapterSize VALUES ('bel', 'job' , 037, 024);
INSERT INTO chapterSize VALUES ('bel', 'job' , 038, 041);
INSERT INTO chapterSize VALUES ('bel', 'job' , 039, 035);
INSERT INTO chapterSize VALUES ('bel', 'job' , 040, 027);
INSERT INTO chapterSize VALUES ('bel', 'job' , 041, 026);
INSERT INTO chapterSize VALUES ('bel', 'job' , 042, 017);
INSERT INTO chapterSize VALUES ('bel', 'ps'  , 001, 006);
INSERT INTO chapterSize VALUES ('bel', 'ps'  , 002, 012);
INSERT INTO chapterSize VALUES ('bel', 'ps'  , 003, 009);
INSERT INTO chapterSize VALUES ('bel', 'ps'  , 004, 009);
INSERT INTO chapterSize VALUES ('bel', 'ps'  , 005, 013);
INSERT INTO chapterSize VALUES ('bel', 'ps'  , 006, 011);
INSERT INTO chapterSize VALUES ('bel', 'ps'  , 007, 018);
INSERT INTO chapterSize VALUES ('bel', 'ps'  , 008, 010);
INSERT INTO chapterSize VALUES ('bel', 'ps'  , 009, 011);
INSERT INTO chapterSize VALUES ('bel', 'ps'  , 010, 027);
INSERT INTO chapterSize VALUES ('bel', 'ps'  , 011, 007);
INSERT INTO chapterSize VALUES ('bel', 'ps'  , 012, 009);
INSERT INTO chapterSize VALUES ('bel', 'ps'  , 013, 006);
INSERT INTO chapterSize VALUES ('bel', 'ps'  , 014, 007);
INSERT INTO chapterSize VALUES ('bel', 'ps'  , 015, 005);
INSERT INTO chapterSize VALUES ('bel', 'ps'  , 016, 011);
INSERT INTO chapterSize VALUES ('bel', 'ps'  , 017, 015);
INSERT INTO chapterSize VALUES ('bel', 'ps'  , 018, 051);
INSERT INTO chapterSize VALUES ('bel', 'ps'  , 019, 015);
INSERT INTO chapterSize VALUES ('bel', 'ps'  , 020, 010);
INSERT INTO chapterSize VALUES ('bel', 'ps'  , 021, 014);
INSERT INTO chapterSize VALUES ('bel', 'ps'  , 022, 032);
INSERT INTO chapterSize VALUES ('bel', 'ps'  , 023, 006);
INSERT INTO chapterSize VALUES ('bel', 'ps'  , 024, 010);
INSERT INTO chapterSize VALUES ('bel', 'ps'  , 025, 022);
INSERT INTO chapterSize VALUES ('bel', 'ps'  , 026, 012);
INSERT INTO chapterSize VALUES ('bel', 'ps'  , 027, 014);
INSERT INTO chapterSize VALUES ('bel', 'ps'  , 028, 009);
INSERT INTO chapterSize VALUES ('bel', 'ps'  , 029, 011);
INSERT INTO chapterSize VALUES ('bel', 'ps'  , 030, 013);
INSERT INTO chapterSize VALUES ('bel', 'ps'  , 031, 025);
INSERT INTO chapterSize VALUES ('bel', 'ps'  , 032, 011);
INSERT INTO chapterSize VALUES ('bel', 'ps'  , 033, 022);
INSERT INTO chapterSize VALUES ('bel', 'ps'  , 034, 023);
INSERT INTO chapterSize VALUES ('bel', 'ps'  , 035, 028);
INSERT INTO chapterSize VALUES ('bel', 'ps'  , 036, 013);
INSERT INTO chapterSize VALUES ('bel', 'ps'  , 037, 040);
INSERT INTO chapterSize VALUES ('bel', 'ps'  , 038, 023);
INSERT INTO chapterSize VALUES ('bel', 'ps'  , 039, 014);
INSERT INTO chapterSize VALUES ('bel', 'ps'  , 040, 018);
INSERT INTO chapterSize VALUES ('bel', 'ps'  , 041, 014);
INSERT INTO chapterSize VALUES ('bel', 'ps'  , 042, 012);
INSERT INTO chapterSize VALUES ('bel', 'ps'  , 043, 005);
INSERT INTO chapterSize VALUES ('bel', 'ps'  , 044, 027);
INSERT INTO chapterSize VALUES ('bel', 'ps'  , 045, 018);
INSERT INTO chapterSize VALUES ('bel', 'ps'  , 046, 012);
INSERT INTO chapterSize VALUES ('bel', 'ps'  , 047, 010);
INSERT INTO chapterSize VALUES ('bel', 'ps'  , 048, 015);
INSERT INTO chapterSize VALUES ('bel', 'ps'  , 049, 021);
INSERT INTO chapterSize VALUES ('bel', 'ps'  , 050, 023);
INSERT INTO chapterSize VALUES ('bel', 'ps'  , 051, 021);
INSERT INTO chapterSize VALUES ('bel', 'ps'  , 052, 011);
INSERT INTO chapterSize VALUES ('bel', 'ps'  , 053, 007);
INSERT INTO chapterSize VALUES ('bel', 'ps'  , 054, 009);
INSERT INTO chapterSize VALUES ('bel', 'ps'  , 055, 024);
INSERT INTO chapterSize VALUES ('bel', 'ps'  , 056, 014);
INSERT INTO chapterSize VALUES ('bel', 'ps'  , 057, 012);
INSERT INTO chapterSize VALUES ('bel', 'ps'  , 058, 012);
INSERT INTO chapterSize VALUES ('bel', 'ps'  , 059, 018);
INSERT INTO chapterSize VALUES ('bel', 'ps'  , 060, 014);
INSERT INTO chapterSize VALUES ('bel', 'ps'  , 061, 009);
INSERT INTO chapterSize VALUES ('bel', 'ps'  , 062, 013);
INSERT INTO chapterSize VALUES ('bel', 'ps'  , 063, 012);
INSERT INTO chapterSize VALUES ('bel', 'ps'  , 064, 011);
INSERT INTO chapterSize VALUES ('bel', 'ps'  , 065, 014);
INSERT INTO chapterSize VALUES ('bel', 'ps'  , 066, 020);
INSERT INTO chapterSize VALUES ('bel', 'ps'  , 067, 008);
INSERT INTO chapterSize VALUES ('bel', 'ps'  , 068, 036);
INSERT INTO chapterSize VALUES ('bel', 'ps'  , 069, 037);
INSERT INTO chapterSize VALUES ('bel', 'ps'  , 070, 006);
INSERT INTO chapterSize VALUES ('bel', 'ps'  , 071, 024);
INSERT INTO chapterSize VALUES ('bel', 'ps'  , 072, 020);
INSERT INTO chapterSize VALUES ('bel', 'ps'  , 073, 028);
INSERT INTO chapterSize VALUES ('bel', 'ps'  , 074, 023);
INSERT INTO chapterSize VALUES ('bel', 'ps'  , 075, 011);
INSERT INTO chapterSize VALUES ('bel', 'ps'  , 076, 013);
INSERT INTO chapterSize VALUES ('bel', 'ps'  , 077, 021);
INSERT INTO chapterSize VALUES ('bel', 'ps'  , 078, 072);
INSERT INTO chapterSize VALUES ('bel', 'ps'  , 079, 013);
INSERT INTO chapterSize VALUES ('bel', 'ps'  , 080, 020);
INSERT INTO chapterSize VALUES ('bel', 'ps'  , 081, 017);
INSERT INTO chapterSize VALUES ('bel', 'ps'  , 082, 008);
INSERT INTO chapterSize VALUES ('bel', 'ps'  , 083, 019);
INSERT INTO chapterSize VALUES ('bel', 'ps'  , 084, 013);
INSERT INTO chapterSize VALUES ('bel', 'ps'  , 085, 014);
INSERT INTO chapterSize VALUES ('bel', 'ps'  , 086, 017);
INSERT INTO chapterSize VALUES ('bel', 'ps'  , 087, 007);
INSERT INTO chapterSize VALUES ('bel', 'ps'  , 088, 019);
INSERT INTO chapterSize VALUES ('bel', 'ps'  , 089, 053);
INSERT INTO chapterSize VALUES ('bel', 'ps'  , 090, 017);
INSERT INTO chapterSize VALUES ('bel', 'ps'  , 091, 016);
INSERT INTO chapterSize VALUES ('bel', 'ps'  , 092, 016);
INSERT INTO chapterSize VALUES ('bel', 'ps'  , 093, 005);
INSERT INTO chapterSize VALUES ('bel', 'ps'  , 094, 023);
INSERT INTO chapterSize VALUES ('bel', 'ps'  , 095, 011);
INSERT INTO chapterSize VALUES ('bel', 'ps'  , 096, 013);
INSERT INTO chapterSize VALUES ('bel', 'ps'  , 097, 012);
INSERT INTO chapterSize VALUES ('bel', 'ps'  , 098, 009);
INSERT INTO chapterSize VALUES ('bel', 'ps'  , 099, 009);
INSERT INTO chapterSize VALUES ('bel', 'ps'  , 100, 005);
INSERT INTO chapterSize VALUES ('bel', 'ps'  , 101, 008);
INSERT INTO chapterSize VALUES ('bel', 'ps'  , 102, 029);
INSERT INTO chapterSize VALUES ('bel', 'ps'  , 103, 022);
INSERT INTO chapterSize VALUES ('bel', 'ps'  , 104, 035);
INSERT INTO chapterSize VALUES ('bel', 'ps'  , 105, 045);
INSERT INTO chapterSize VALUES ('bel', 'ps'  , 106, 048);
INSERT INTO chapterSize VALUES ('bel', 'ps'  , 107, 043);
INSERT INTO chapterSize VALUES ('bel', 'ps'  , 108, 014);
INSERT INTO chapterSize VALUES ('bel', 'ps'  , 109, 031);
INSERT INTO chapterSize VALUES ('bel', 'ps'  , 110, 007);
INSERT INTO chapterSize VALUES ('bel', 'ps'  , 111, 010);
INSERT INTO chapterSize VALUES ('bel', 'ps'  , 112, 010);
INSERT INTO chapterSize VALUES ('bel', 'ps'  , 113, 009);
INSERT INTO chapterSize VALUES ('bel', 'ps'  , 114, 026);
INSERT INTO chapterSize VALUES ('bel', 'ps'  , 115, 009);
INSERT INTO chapterSize VALUES ('bel', 'ps'  , 116, 010);
INSERT INTO chapterSize VALUES ('bel', 'ps'  , 117, 002);
INSERT INTO chapterSize VALUES ('bel', 'ps'  , 118, 029);
INSERT INTO chapterSize VALUES ('bel', 'ps'  , 119, 176);
INSERT INTO chapterSize VALUES ('bel', 'ps'  , 120, 007);
INSERT INTO chapterSize VALUES ('bel', 'ps'  , 121, 008);
INSERT INTO chapterSize VALUES ('bel', 'ps'  , 122, 009);
INSERT INTO chapterSize VALUES ('bel', 'ps'  , 123, 004);
INSERT INTO chapterSize VALUES ('bel', 'ps'  , 124, 008);
INSERT INTO chapterSize VALUES ('bel', 'ps'  , 125, 005);
INSERT INTO chapterSize VALUES ('bel', 'ps'  , 126, 006);
INSERT INTO chapterSize VALUES ('bel', 'ps'  , 127, 005);
INSERT INTO chapterSize VALUES ('bel', 'ps'  , 128, 006);
INSERT INTO chapterSize VALUES ('bel', 'ps'  , 129, 008);
INSERT INTO chapterSize VALUES ('bel', 'ps'  , 130, 008);
INSERT INTO chapterSize VALUES ('bel', 'ps'  , 131, 003);
INSERT INTO chapterSize VALUES ('bel', 'ps'  , 132, 018);
INSERT INTO chapterSize VALUES ('bel', 'ps'  , 133, 003);
INSERT INTO chapterSize VALUES ('bel', 'ps'  , 134, 003);
INSERT INTO chapterSize VALUES ('bel', 'ps'  , 135, 021);
INSERT INTO chapterSize VALUES ('bel', 'ps'  , 136, 026);
INSERT INTO chapterSize VALUES ('bel', 'ps'  , 137, 009);
INSERT INTO chapterSize VALUES ('bel', 'ps'  , 138, 008);
INSERT INTO chapterSize VALUES ('bel', 'ps'  , 139, 024);
INSERT INTO chapterSize VALUES ('bel', 'ps'  , 140, 014);
INSERT INTO chapterSize VALUES ('bel', 'ps'  , 141, 010);
INSERT INTO chapterSize VALUES ('bel', 'ps'  , 142, 007);
INSERT INTO chapterSize VALUES ('bel', 'ps'  , 143, 012);
INSERT INTO chapterSize VALUES ('bel', 'ps'  , 144, 015);
INSERT INTO chapterSize VALUES ('bel', 'ps'  , 145, 020);
INSERT INTO chapterSize VALUES ('bel', 'ps'  , 146, 010);
INSERT INTO chapterSize VALUES ('bel', 'ps'  , 147, 011);
INSERT INTO chapterSize VALUES ('bel', 'ps'  , 148, 009);
INSERT INTO chapterSize VALUES ('bel', 'ps'  , 149, 014);
INSERT INTO chapterSize VALUES ('bel', 'ps'  , 150, 009);
INSERT INTO chapterSize VALUES ('bel', 'pr'  , 001, 033);
INSERT INTO chapterSize VALUES ('bel', 'pr'  , 002, 022);
INSERT INTO chapterSize VALUES ('bel', 'pr'  , 003, 035);
INSERT INTO chapterSize VALUES ('bel', 'pr'  , 004, 027);
INSERT INTO chapterSize VALUES ('bel', 'pr'  , 005, 023);
INSERT INTO chapterSize VALUES ('bel', 'pr'  , 006, 035);
INSERT INTO chapterSize VALUES ('bel', 'pr'  , 007, 027);
INSERT INTO chapterSize VALUES ('bel', 'pr'  , 008, 035);
INSERT INTO chapterSize VALUES ('bel', 'pr'  , 009, 018);
INSERT INTO chapterSize VALUES ('bel', 'pr'  , 010, 032);
INSERT INTO chapterSize VALUES ('bel', 'pr'  , 011, 031);
INSERT INTO chapterSize VALUES ('bel', 'pr'  , 012, 028);
INSERT INTO chapterSize VALUES ('bel', 'pr'  , 013, 025);
INSERT INTO chapterSize VALUES ('bel', 'pr'  , 014, 035);
INSERT INTO chapterSize VALUES ('bel', 'pr'  , 015, 032);
INSERT INTO chapterSize VALUES ('bel', 'pr'  , 016, 033);
INSERT INTO chapterSize VALUES ('bel', 'pr'  , 017, 028);
INSERT INTO chapterSize VALUES ('bel', 'pr'  , 018, 024);
INSERT INTO chapterSize VALUES ('bel', 'pr'  , 019, 029);
INSERT INTO chapterSize VALUES ('bel', 'pr'  , 020, 030);
INSERT INTO chapterSize VALUES ('bel', 'pr'  , 021, 031);
INSERT INTO chapterSize VALUES ('bel', 'pr'  , 022, 029);
INSERT INTO chapterSize VALUES ('bel', 'pr'  , 023, 035);
INSERT INTO chapterSize VALUES ('bel', 'pr'  , 024, 034);
INSERT INTO chapterSize VALUES ('bel', 'pr'  , 025, 028);
INSERT INTO chapterSize VALUES ('bel', 'pr'  , 026, 028);
INSERT INTO chapterSize VALUES ('bel', 'pr'  , 027, 027);
INSERT INTO chapterSize VALUES ('bel', 'pr'  , 028, 028);
INSERT INTO chapterSize VALUES ('bel', 'pr'  , 029, 027);
INSERT INTO chapterSize VALUES ('bel', 'pr'  , 030, 033);
INSERT INTO chapterSize VALUES ('bel', 'pr'  , 031, 031);
INSERT INTO chapterSize VALUES ('bel', 'ec'  , 001, 018);
INSERT INTO chapterSize VALUES ('bel', 'ec'  , 002, 026);
INSERT INTO chapterSize VALUES ('bel', 'ec'  , 003, 022);
INSERT INTO chapterSize VALUES ('bel', 'ec'  , 004, 017);
INSERT INTO chapterSize VALUES ('bel', 'ec'  , 005, 019);
INSERT INTO chapterSize VALUES ('bel', 'ec'  , 006, 012);
INSERT INTO chapterSize VALUES ('bel', 'ec'  , 007, 028);
INSERT INTO chapterSize VALUES ('bel', 'ec'  , 008, 017);
INSERT INTO chapterSize VALUES ('bel', 'ec'  , 009, 018);
INSERT INTO chapterSize VALUES ('bel', 'ec'  , 010, 020);
INSERT INTO chapterSize VALUES ('bel', 'ec'  , 011, 010);
INSERT INTO chapterSize VALUES ('bel', 'ec'  , 012, 014);
INSERT INTO chapterSize VALUES ('bel', 'ca'  , 001, 017);
INSERT INTO chapterSize VALUES ('bel', 'ca'  , 002, 017);
INSERT INTO chapterSize VALUES ('bel', 'ca'  , 003, 011);
INSERT INTO chapterSize VALUES ('bel', 'ca'  , 004, 016);
INSERT INTO chapterSize VALUES ('bel', 'ca'  , 005, 016);
INSERT INTO chapterSize VALUES ('bel', 'ca'  , 006, 012);
INSERT INTO chapterSize VALUES ('bel', 'ca'  , 007, 014);
INSERT INTO chapterSize VALUES ('bel', 'ca'  , 008, 014);
INSERT INTO chapterSize VALUES ('bel', 'isa' , 001, 031);
INSERT INTO chapterSize VALUES ('bel', 'isa' , 002, 022);
INSERT INTO chapterSize VALUES ('bel', 'isa' , 003, 025);
INSERT INTO chapterSize VALUES ('bel', 'isa' , 004, 006);
INSERT INTO chapterSize VALUES ('bel', 'isa' , 005, 030);
INSERT INTO chapterSize VALUES ('bel', 'isa' , 006, 013);
INSERT INTO chapterSize VALUES ('bel', 'isa' , 007, 025);
INSERT INTO chapterSize VALUES ('bel', 'isa' , 008, 023);
INSERT INTO chapterSize VALUES ('bel', 'isa' , 009, 021);
INSERT INTO chapterSize VALUES ('bel', 'isa' , 010, 034);
INSERT INTO chapterSize VALUES ('bel', 'isa' , 011, 016);
INSERT INTO chapterSize VALUES ('bel', 'isa' , 012, 006);
INSERT INTO chapterSize VALUES ('bel', 'isa' , 013, 022);
INSERT INTO chapterSize VALUES ('bel', 'isa' , 014, 032);
INSERT INTO chapterSize VALUES ('bel', 'isa' , 015, 009);
INSERT INTO chapterSize VALUES ('bel', 'isa' , 016, 014);
INSERT INTO chapterSize VALUES ('bel', 'isa' , 017, 014);
INSERT INTO chapterSize VALUES ('bel', 'isa' , 018, 007);
INSERT INTO chapterSize VALUES ('bel', 'isa' , 019, 025);
INSERT INTO chapterSize VALUES ('bel', 'isa' , 020, 006);
INSERT INTO chapterSize VALUES ('bel', 'isa' , 021, 017);
INSERT INTO chapterSize VALUES ('bel', 'isa' , 022, 025);
INSERT INTO chapterSize VALUES ('bel', 'isa' , 023, 018);
INSERT INTO chapterSize VALUES ('bel', 'isa' , 024, 023);
INSERT INTO chapterSize VALUES ('bel', 'isa' , 025, 012);
INSERT INTO chapterSize VALUES ('bel', 'isa' , 026, 021);
INSERT INTO chapterSize VALUES ('bel', 'isa' , 027, 013);
INSERT INTO chapterSize VALUES ('bel', 'isa' , 028, 029);
INSERT INTO chapterSize VALUES ('bel', 'isa' , 029, 024);
INSERT INTO chapterSize VALUES ('bel', 'isa' , 030, 034);
INSERT INTO chapterSize VALUES ('bel', 'isa' , 031, 009);
INSERT INTO chapterSize VALUES ('bel', 'isa' , 032, 020);
INSERT INTO chapterSize VALUES ('bel', 'isa' , 033, 024);
INSERT INTO chapterSize VALUES ('bel', 'isa' , 034, 017);
INSERT INTO chapterSize VALUES ('bel', 'isa' , 035, 010);
INSERT INTO chapterSize VALUES ('bel', 'isa' , 036, 022);
INSERT INTO chapterSize VALUES ('bel', 'isa' , 037, 038);
INSERT INTO chapterSize VALUES ('bel', 'isa' , 038, 022);
INSERT INTO chapterSize VALUES ('bel', 'isa' , 039, 008);
INSERT INTO chapterSize VALUES ('bel', 'isa' , 040, 031);
INSERT INTO chapterSize VALUES ('bel', 'isa' , 041, 029);
INSERT INTO chapterSize VALUES ('bel', 'isa' , 042, 025);
INSERT INTO chapterSize VALUES ('bel', 'isa' , 043, 028);
INSERT INTO chapterSize VALUES ('bel', 'isa' , 044, 028);
INSERT INTO chapterSize VALUES ('bel', 'isa' , 045, 025);
INSERT INTO chapterSize VALUES ('bel', 'isa' , 046, 013);
INSERT INTO chapterSize VALUES ('bel', 'isa' , 047, 015);
INSERT INTO chapterSize VALUES ('bel', 'isa' , 048, 022);
INSERT INTO chapterSize VALUES ('bel', 'isa' , 049, 026);
INSERT INTO chapterSize VALUES ('bel', 'isa' , 050, 011);
INSERT INTO chapterSize VALUES ('bel', 'isa' , 051, 023);
INSERT INTO chapterSize VALUES ('bel', 'isa' , 052, 015);
INSERT INTO chapterSize VALUES ('bel', 'isa' , 053, 012);
INSERT INTO chapterSize VALUES ('bel', 'isa' , 054, 017);
INSERT INTO chapterSize VALUES ('bel', 'isa' , 055, 013);
INSERT INTO chapterSize VALUES ('bel', 'isa' , 056, 012);
INSERT INTO chapterSize VALUES ('bel', 'isa' , 057, 021);
INSERT INTO chapterSize VALUES ('bel', 'isa' , 058, 014);
INSERT INTO chapterSize VALUES ('bel', 'isa' , 059, 021);
INSERT INTO chapterSize VALUES ('bel', 'isa' , 060, 022);
INSERT INTO chapterSize VALUES ('bel', 'isa' , 061, 011);
INSERT INTO chapterSize VALUES ('bel', 'isa' , 062, 012);
INSERT INTO chapterSize VALUES ('bel', 'isa' , 063, 019);
INSERT INTO chapterSize VALUES ('bel', 'isa' , 064, 012);
INSERT INTO chapterSize VALUES ('bel', 'isa' , 065, 025);
INSERT INTO chapterSize VALUES ('bel', 'isa' , 066, 024);
INSERT INTO chapterSize VALUES ('bel', 'jer' , 001, 019);
INSERT INTO chapterSize VALUES ('bel', 'jer' , 002, 037);
INSERT INTO chapterSize VALUES ('bel', 'jer' , 003, 025);
INSERT INTO chapterSize VALUES ('bel', 'jer' , 004, 031);
INSERT INTO chapterSize VALUES ('bel', 'jer' , 005, 031);
INSERT INTO chapterSize VALUES ('bel', 'jer' , 006, 030);
INSERT INTO chapterSize VALUES ('bel', 'jer' , 007, 034);
INSERT INTO chapterSize VALUES ('bel', 'jer' , 008, 022);
INSERT INTO chapterSize VALUES ('bel', 'jer' , 009, 025);
INSERT INTO chapterSize VALUES ('bel', 'jer' , 010, 025);
INSERT INTO chapterSize VALUES ('bel', 'jer' , 011, 023);
INSERT INTO chapterSize VALUES ('bel', 'jer' , 012, 017);
INSERT INTO chapterSize VALUES ('bel', 'jer' , 013, 027);
INSERT INTO chapterSize VALUES ('bel', 'jer' , 014, 022);
INSERT INTO chapterSize VALUES ('bel', 'jer' , 015, 021);
INSERT INTO chapterSize VALUES ('bel', 'jer' , 016, 021);
INSERT INTO chapterSize VALUES ('bel', 'jer' , 017, 027);
INSERT INTO chapterSize VALUES ('bel', 'jer' , 018, 023);
INSERT INTO chapterSize VALUES ('bel', 'jer' , 019, 015);
INSERT INTO chapterSize VALUES ('bel', 'jer' , 020, 018);
INSERT INTO chapterSize VALUES ('bel', 'jer' , 021, 014);
INSERT INTO chapterSize VALUES ('bel', 'jer' , 022, 030);
INSERT INTO chapterSize VALUES ('bel', 'jer' , 023, 040);
INSERT INTO chapterSize VALUES ('bel', 'jer' , 024, 010);
INSERT INTO chapterSize VALUES ('bel', 'jer' , 025, 038);
INSERT INTO chapterSize VALUES ('bel', 'jer' , 026, 024);
INSERT INTO chapterSize VALUES ('bel', 'jer' , 027, 022);
INSERT INTO chapterSize VALUES ('bel', 'jer' , 028, 017);
INSERT INTO chapterSize VALUES ('bel', 'jer' , 029, 032);
INSERT INTO chapterSize VALUES ('bel', 'jer' , 030, 024);
INSERT INTO chapterSize VALUES ('bel', 'jer' , 031, 039);
INSERT INTO chapterSize VALUES ('bel', 'jer' , 032, 044);
INSERT INTO chapterSize VALUES ('bel', 'jer' , 033, 026);
INSERT INTO chapterSize VALUES ('bel', 'jer' , 034, 022);
INSERT INTO chapterSize VALUES ('bel', 'jer' , 035, 019);
INSERT INTO chapterSize VALUES ('bel', 'jer' , 036, 032);
INSERT INTO chapterSize VALUES ('bel', 'jer' , 037, 021);
INSERT INTO chapterSize VALUES ('bel', 'jer' , 038, 028);
INSERT INTO chapterSize VALUES ('bel', 'jer' , 039, 018);
INSERT INTO chapterSize VALUES ('bel', 'jer' , 040, 016);
INSERT INTO chapterSize VALUES ('bel', 'jer' , 041, 018);
INSERT INTO chapterSize VALUES ('bel', 'jer' , 042, 022);
INSERT INTO chapterSize VALUES ('bel', 'jer' , 043, 013);
INSERT INTO chapterSize VALUES ('bel', 'jer' , 044, 030);
INSERT INTO chapterSize VALUES ('bel', 'jer' , 045, 005);
INSERT INTO chapterSize VALUES ('bel', 'jer' , 046, 028);
INSERT INTO chapterSize VALUES ('bel', 'jer' , 047, 007);
INSERT INTO chapterSize VALUES ('bel', 'jer' , 048, 047);
INSERT INTO chapterSize VALUES ('bel', 'jer' , 049, 039);
INSERT INTO chapterSize VALUES ('bel', 'jer' , 050, 046);
INSERT INTO chapterSize VALUES ('bel', 'jer' , 051, 064);
INSERT INTO chapterSize VALUES ('bel', 'jer' , 052, 034);
INSERT INTO chapterSize VALUES ('bel', 'la'  , 001, 022);
INSERT INTO chapterSize VALUES ('bel', 'la'  , 002, 022);
INSERT INTO chapterSize VALUES ('bel', 'la'  , 003, 065);
INSERT INTO chapterSize VALUES ('bel', 'la'  , 004, 022);
INSERT INTO chapterSize VALUES ('bel', 'la'  , 005, 022);
INSERT INTO chapterSize VALUES ('bel', 'eze' , 001, 028);
INSERT INTO chapterSize VALUES ('bel', 'eze' , 002, 010);
INSERT INTO chapterSize VALUES ('bel', 'eze' , 003, 027);
INSERT INTO chapterSize VALUES ('bel', 'eze' , 004, 017);
INSERT INTO chapterSize VALUES ('bel', 'eze' , 005, 017);
INSERT INTO chapterSize VALUES ('bel', 'eze' , 006, 014);
INSERT INTO chapterSize VALUES ('bel', 'eze' , 007, 027);
INSERT INTO chapterSize VALUES ('bel', 'eze' , 008, 018);
INSERT INTO chapterSize VALUES ('bel', 'eze' , 009, 011);
INSERT INTO chapterSize VALUES ('bel', 'eze' , 010, 023);
INSERT INTO chapterSize VALUES ('bel', 'eze' , 011, 026);
INSERT INTO chapterSize VALUES ('bel', 'eze' , 012, 028);
INSERT INTO chapterSize VALUES ('bel', 'eze' , 013, 023);
INSERT INTO chapterSize VALUES ('bel', 'eze' , 014, 023);
INSERT INTO chapterSize VALUES ('bel', 'eze' , 015, 008);
INSERT INTO chapterSize VALUES ('bel', 'eze' , 016, 063);
INSERT INTO chapterSize VALUES ('bel', 'eze' , 017, 024);
INSERT INTO chapterSize VALUES ('bel', 'eze' , 018, 032);
INSERT INTO chapterSize VALUES ('bel', 'eze' , 019, 014);
INSERT INTO chapterSize VALUES ('bel', 'eze' , 020, 049);
INSERT INTO chapterSize VALUES ('bel', 'eze' , 021, 032);
INSERT INTO chapterSize VALUES ('bel', 'eze' , 022, 031);
INSERT INTO chapterSize VALUES ('bel', 'eze' , 023, 049);
INSERT INTO chapterSize VALUES ('bel', 'eze' , 024, 027);
INSERT INTO chapterSize VALUES ('bel', 'eze' , 025, 017);
INSERT INTO chapterSize VALUES ('bel', 'eze' , 026, 021);
INSERT INTO chapterSize VALUES ('bel', 'eze' , 027, 036);
INSERT INTO chapterSize VALUES ('bel', 'eze' , 028, 026);
INSERT INTO chapterSize VALUES ('bel', 'eze' , 029, 021);
INSERT INTO chapterSize VALUES ('bel', 'eze' , 030, 026);
INSERT INTO chapterSize VALUES ('bel', 'eze' , 031, 018);
INSERT INTO chapterSize VALUES ('bel', 'eze' , 032, 032);
INSERT INTO chapterSize VALUES ('bel', 'eze' , 033, 033);
INSERT INTO chapterSize VALUES ('bel', 'eze' , 034, 031);
INSERT INTO chapterSize VALUES ('bel', 'eze' , 035, 015);
INSERT INTO chapterSize VALUES ('bel', 'eze' , 036, 038);
INSERT INTO chapterSize VALUES ('bel', 'eze' , 037, 028);
INSERT INTO chapterSize VALUES ('bel', 'eze' , 038, 023);
INSERT INTO chapterSize VALUES ('bel', 'eze' , 039, 030);
INSERT INTO chapterSize VALUES ('bel', 'eze' , 040, 049);
INSERT INTO chapterSize VALUES ('bel', 'eze' , 041, 025);
INSERT INTO chapterSize VALUES ('bel', 'eze' , 042, 020);
INSERT INTO chapterSize VALUES ('bel', 'eze' , 043, 027);
INSERT INTO chapterSize VALUES ('bel', 'eze' , 044, 031);
INSERT INTO chapterSize VALUES ('bel', 'eze' , 045, 025);
INSERT INTO chapterSize VALUES ('bel', 'eze' , 046, 024);
INSERT INTO chapterSize VALUES ('bel', 'eze' , 047, 023);
INSERT INTO chapterSize VALUES ('bel', 'eze' , 048, 035);
INSERT INTO chapterSize VALUES ('bel', 'da'  , 001, 021);
INSERT INTO chapterSize VALUES ('bel', 'da'  , 002, 049);
INSERT INTO chapterSize VALUES ('bel', 'da'  , 003, 033);
INSERT INTO chapterSize VALUES ('bel', 'da'  , 004, 034);
INSERT INTO chapterSize VALUES ('bel', 'da'  , 005, 031);
INSERT INTO chapterSize VALUES ('bel', 'da'  , 006, 028);
INSERT INTO chapterSize VALUES ('bel', 'da'  , 007, 027);
INSERT INTO chapterSize VALUES ('bel', 'da'  , 008, 027);
INSERT INTO chapterSize VALUES ('bel', 'da'  , 009, 027);
INSERT INTO chapterSize VALUES ('bel', 'da'  , 010, 021);
INSERT INTO chapterSize VALUES ('bel', 'da'  , 011, 045);
INSERT INTO chapterSize VALUES ('bel', 'da'  , 012, 013);
INSERT INTO chapterSize VALUES ('bel', 'ho'  , 001, 011);
INSERT INTO chapterSize VALUES ('bel', 'ho'  , 002, 023);
INSERT INTO chapterSize VALUES ('bel', 'ho'  , 003, 005);
INSERT INTO chapterSize VALUES ('bel', 'ho'  , 004, 019);
INSERT INTO chapterSize VALUES ('bel', 'ho'  , 005, 015);
INSERT INTO chapterSize VALUES ('bel', 'ho'  , 006, 011);
INSERT INTO chapterSize VALUES ('bel', 'ho'  , 007, 016);
INSERT INTO chapterSize VALUES ('bel', 'ho'  , 008, 014);
INSERT INTO chapterSize VALUES ('bel', 'ho'  , 009, 017);
INSERT INTO chapterSize VALUES ('bel', 'ho'  , 010, 015);
INSERT INTO chapterSize VALUES ('bel', 'ho'  , 011, 011);
INSERT INTO chapterSize VALUES ('bel', 'ho'  , 012, 014);
INSERT INTO chapterSize VALUES ('bel', 'ho'  , 013, 015);
INSERT INTO chapterSize VALUES ('bel', 'ho'  , 014, 010);
INSERT INTO chapterSize VALUES ('bel', 'joe' , 001, 020);
INSERT INTO chapterSize VALUES ('bel', 'joe' , 002, 032);
INSERT INTO chapterSize VALUES ('bel', 'joe' , 003, 021);
INSERT INTO chapterSize VALUES ('bel', 'am'  , 001, 015);
INSERT INTO chapterSize VALUES ('bel', 'am'  , 002, 016);
INSERT INTO chapterSize VALUES ('bel', 'am'  , 003, 015);
INSERT INTO chapterSize VALUES ('bel', 'am'  , 004, 013);
INSERT INTO chapterSize VALUES ('bel', 'am'  , 005, 027);
INSERT INTO chapterSize VALUES ('bel', 'am'  , 006, 014);
INSERT INTO chapterSize VALUES ('bel', 'am'  , 007, 017);
INSERT INTO chapterSize VALUES ('bel', 'am'  , 008, 014);
INSERT INTO chapterSize VALUES ('bel', 'am'  , 009, 015);
INSERT INTO chapterSize VALUES ('bel', 'ob'  , 001, 021);
INSERT INTO chapterSize VALUES ('bel', 'jon' , 001, 016);
INSERT INTO chapterSize VALUES ('bel', 'jon' , 002, 011);
INSERT INTO chapterSize VALUES ('bel', 'jon' , 003, 010);
INSERT INTO chapterSize VALUES ('bel', 'jon' , 004, 011);
INSERT INTO chapterSize VALUES ('bel', 'mic' , 001, 016);
INSERT INTO chapterSize VALUES ('bel', 'mic' , 002, 013);
INSERT INTO chapterSize VALUES ('bel', 'mic' , 003, 012);
INSERT INTO chapterSize VALUES ('bel', 'mic' , 004, 013);
INSERT INTO chapterSize VALUES ('bel', 'mic' , 005, 015);
INSERT INTO chapterSize VALUES ('bel', 'mic' , 006, 016);
INSERT INTO chapterSize VALUES ('bel', 'mic' , 007, 020);
INSERT INTO chapterSize VALUES ('bel', 'na'  , 001, 015);
INSERT INTO chapterSize VALUES ('bel', 'na'  , 002, 013);
INSERT INTO chapterSize VALUES ('bel', 'na'  , 003, 019);
INSERT INTO chapterSize VALUES ('bel', 'hab' , 001, 017);
INSERT INTO chapterSize VALUES ('bel', 'hab' , 002, 020);
INSERT INTO chapterSize VALUES ('bel', 'hab' , 003, 019);
INSERT INTO chapterSize VALUES ('bel', 'zep' , 001, 018);
INSERT INTO chapterSize VALUES ('bel', 'zep' , 002, 015);
INSERT INTO chapterSize VALUES ('bel', 'zep' , 003, 020);
INSERT INTO chapterSize VALUES ('bel', 'hag' , 001, 015);
INSERT INTO chapterSize VALUES ('bel', 'hag' , 002, 023);
INSERT INTO chapterSize VALUES ('bel', 'zec' , 001, 021);
INSERT INTO chapterSize VALUES ('bel', 'zec' , 002, 013);
INSERT INTO chapterSize VALUES ('bel', 'zec' , 003, 010);
INSERT INTO chapterSize VALUES ('bel', 'zec' , 004, 014);
INSERT INTO chapterSize VALUES ('bel', 'zec' , 005, 011);
INSERT INTO chapterSize VALUES ('bel', 'zec' , 006, 015);
INSERT INTO chapterSize VALUES ('bel', 'zec' , 007, 014);
INSERT INTO chapterSize VALUES ('bel', 'zec' , 008, 023);
INSERT INTO chapterSize VALUES ('bel', 'zec' , 009, 017);
INSERT INTO chapterSize VALUES ('bel', 'zec' , 010, 012);
INSERT INTO chapterSize VALUES ('bel', 'zec' , 011, 017);
INSERT INTO chapterSize VALUES ('bel', 'zec' , 012, 014);
INSERT INTO chapterSize VALUES ('bel', 'zec' , 013, 009);
INSERT INTO chapterSize VALUES ('bel', 'zec' , 014, 021);
INSERT INTO chapterSize VALUES ('bel', 'mal' , 001, 014);
INSERT INTO chapterSize VALUES ('bel', 'mal' , 002, 017);
INSERT INTO chapterSize VALUES ('bel', 'mal' , 003, 018);
INSERT INTO chapterSize VALUES ('bel', 'mal' , 004, 006);
INSERT INTO chapterSize VALUES ('bel', 'mt'  , 001, 025);
INSERT INTO chapterSize VALUES ('bel', 'mt'  , 002, 023);
INSERT INTO chapterSize VALUES ('bel', 'mt'  , 003, 017);
INSERT INTO chapterSize VALUES ('bel', 'mt'  , 004, 025);
INSERT INTO chapterSize VALUES ('bel', 'mt'  , 005, 048);
INSERT INTO chapterSize VALUES ('bel', 'mt'  , 006, 034);
INSERT INTO chapterSize VALUES ('bel', 'mt'  , 007, 029);
INSERT INTO chapterSize VALUES ('bel', 'mt'  , 008, 034);
INSERT INTO chapterSize VALUES ('bel', 'mt'  , 009, 038);
INSERT INTO chapterSize VALUES ('bel', 'mt'  , 010, 042);
INSERT INTO chapterSize VALUES ('bel', 'mt'  , 011, 030);
INSERT INTO chapterSize VALUES ('bel', 'mt'  , 012, 050);
INSERT INTO chapterSize VALUES ('bel', 'mt'  , 013, 058);
INSERT INTO chapterSize VALUES ('bel', 'mt'  , 014, 036);
INSERT INTO chapterSize VALUES ('bel', 'mt'  , 015, 039);
INSERT INTO chapterSize VALUES ('bel', 'mt'  , 016, 028);
INSERT INTO chapterSize VALUES ('bel', 'mt'  , 017, 027);
INSERT INTO chapterSize VALUES ('bel', 'mt'  , 018, 035);
INSERT INTO chapterSize VALUES ('bel', 'mt'  , 019, 030);
INSERT INTO chapterSize VALUES ('bel', 'mt'  , 020, 034);
INSERT INTO chapterSize VALUES ('bel', 'mt'  , 021, 046);
INSERT INTO chapterSize VALUES ('bel', 'mt'  , 022, 046);
INSERT INTO chapterSize VALUES ('bel', 'mt'  , 023, 039);
INSERT INTO chapterSize VALUES ('bel', 'mt'  , 024, 051);
INSERT INTO chapterSize VALUES ('bel', 'mt'  , 025, 046);
INSERT INTO chapterSize VALUES ('bel', 'mt'  , 026, 075);
INSERT INTO chapterSize VALUES ('bel', 'mt'  , 027, 066);
INSERT INTO chapterSize VALUES ('bel', 'mt'  , 028, 020);
INSERT INTO chapterSize VALUES ('bel', 'mr'  , 001, 045);
INSERT INTO chapterSize VALUES ('bel', 'mr'  , 002, 028);
INSERT INTO chapterSize VALUES ('bel', 'mr'  , 003, 035);
INSERT INTO chapterSize VALUES ('bel', 'mr'  , 004, 041);
INSERT INTO chapterSize VALUES ('bel', 'mr'  , 005, 043);
INSERT INTO chapterSize VALUES ('bel', 'mr'  , 006, 056);
INSERT INTO chapterSize VALUES ('bel', 'mr'  , 007, 037);
INSERT INTO chapterSize VALUES ('bel', 'mr'  , 008, 038);
INSERT INTO chapterSize VALUES ('bel', 'mr'  , 009, 050);
INSERT INTO chapterSize VALUES ('bel', 'mr'  , 010, 052);
INSERT INTO chapterSize VALUES ('bel', 'mr'  , 011, 033);
INSERT INTO chapterSize VALUES ('bel', 'mr'  , 012, 044);
INSERT INTO chapterSize VALUES ('bel', 'mr'  , 013, 037);
INSERT INTO chapterSize VALUES ('bel', 'mr'  , 014, 071);
INSERT INTO chapterSize VALUES ('bel', 'mr'  , 015, 047);
INSERT INTO chapterSize VALUES ('bel', 'mr'  , 016, 020);
INSERT INTO chapterSize VALUES ('bel', 'lu'  , 001, 080);
INSERT INTO chapterSize VALUES ('bel', 'lu'  , 002, 051);
INSERT INTO chapterSize VALUES ('bel', 'lu'  , 003, 038);
INSERT INTO chapterSize VALUES ('bel', 'lu'  , 004, 044);
INSERT INTO chapterSize VALUES ('bel', 'lu'  , 005, 039);
INSERT INTO chapterSize VALUES ('bel', 'lu'  , 006, 049);
INSERT INTO chapterSize VALUES ('bel', 'lu'  , 007, 050);
INSERT INTO chapterSize VALUES ('bel', 'lu'  , 008, 056);
INSERT INTO chapterSize VALUES ('bel', 'lu'  , 009, 062);
INSERT INTO chapterSize VALUES ('bel', 'lu'  , 010, 042);
INSERT INTO chapterSize VALUES ('bel', 'lu'  , 011, 054);
INSERT INTO chapterSize VALUES ('bel', 'lu'  , 012, 059);
INSERT INTO chapterSize VALUES ('bel', 'lu'  , 013, 035);
INSERT INTO chapterSize VALUES ('bel', 'lu'  , 014, 035);
INSERT INTO chapterSize VALUES ('bel', 'lu'  , 015, 032);
INSERT INTO chapterSize VALUES ('bel', 'lu'  , 016, 031);
INSERT INTO chapterSize VALUES ('bel', 'lu'  , 017, 037);
INSERT INTO chapterSize VALUES ('bel', 'lu'  , 018, 043);
INSERT INTO chapterSize VALUES ('bel', 'lu'  , 019, 048);
INSERT INTO chapterSize VALUES ('bel', 'lu'  , 020, 047);
INSERT INTO chapterSize VALUES ('bel', 'lu'  , 021, 038);
INSERT INTO chapterSize VALUES ('bel', 'lu'  , 022, 071);
INSERT INTO chapterSize VALUES ('bel', 'lu'  , 023, 056);
INSERT INTO chapterSize VALUES ('bel', 'lu'  , 024, 053);
INSERT INTO chapterSize VALUES ('bel', 'joh' , 001, 051);
INSERT INTO chapterSize VALUES ('bel', 'joh' , 002, 025);
INSERT INTO chapterSize VALUES ('bel', 'joh' , 003, 036);
INSERT INTO chapterSize VALUES ('bel', 'joh' , 004, 054);
INSERT INTO chapterSize VALUES ('bel', 'joh' , 005, 047);
INSERT INTO chapterSize VALUES ('bel', 'joh' , 006, 071);
INSERT INTO chapterSize VALUES ('bel', 'joh' , 007, 053);
INSERT INTO chapterSize VALUES ('bel', 'joh' , 008, 059);
INSERT INTO chapterSize VALUES ('bel', 'joh' , 009, 041);
INSERT INTO chapterSize VALUES ('bel', 'joh' , 010, 042);
INSERT INTO chapterSize VALUES ('bel', 'joh' , 011, 057);
INSERT INTO chapterSize VALUES ('bel', 'joh' , 012, 050);
INSERT INTO chapterSize VALUES ('bel', 'joh' , 013, 038);
INSERT INTO chapterSize VALUES ('bel', 'joh' , 014, 031);
INSERT INTO chapterSize VALUES ('bel', 'joh' , 015, 027);
INSERT INTO chapterSize VALUES ('bel', 'joh' , 016, 033);
INSERT INTO chapterSize VALUES ('bel', 'joh' , 017, 026);
INSERT INTO chapterSize VALUES ('bel', 'joh' , 018, 040);
INSERT INTO chapterSize VALUES ('bel', 'joh' , 019, 042);
INSERT INTO chapterSize VALUES ('bel', 'joh' , 020, 031);
INSERT INTO chapterSize VALUES ('bel', 'joh' , 021, 025);
INSERT INTO chapterSize VALUES ('bel', 'ac'  , 001, 026);
INSERT INTO chapterSize VALUES ('bel', 'ac'  , 002, 047);
INSERT INTO chapterSize VALUES ('bel', 'ac'  , 003, 026);
INSERT INTO chapterSize VALUES ('bel', 'ac'  , 004, 037);
INSERT INTO chapterSize VALUES ('bel', 'ac'  , 005, 042);
INSERT INTO chapterSize VALUES ('bel', 'ac'  , 006, 015);
INSERT INTO chapterSize VALUES ('bel', 'ac'  , 007, 060);
INSERT INTO chapterSize VALUES ('bel', 'ac'  , 008, 040);
INSERT INTO chapterSize VALUES ('bel', 'ac'  , 009, 043);
INSERT INTO chapterSize VALUES ('bel', 'ac'  , 010, 048);
INSERT INTO chapterSize VALUES ('bel', 'ac'  , 011, 030);
INSERT INTO chapterSize VALUES ('bel', 'ac'  , 012, 025);
INSERT INTO chapterSize VALUES ('bel', 'ac'  , 013, 052);
INSERT INTO chapterSize VALUES ('bel', 'ac'  , 014, 028);
INSERT INTO chapterSize VALUES ('bel', 'ac'  , 015, 041);
INSERT INTO chapterSize VALUES ('bel', 'ac'  , 016, 040);
INSERT INTO chapterSize VALUES ('bel', 'ac'  , 017, 034);
INSERT INTO chapterSize VALUES ('bel', 'ac'  , 018, 028);
INSERT INTO chapterSize VALUES ('bel', 'ac'  , 019, 040);
INSERT INTO chapterSize VALUES ('bel', 'ac'  , 020, 037);
INSERT INTO chapterSize VALUES ('bel', 'ac'  , 021, 040);
INSERT INTO chapterSize VALUES ('bel', 'ac'  , 022, 030);
INSERT INTO chapterSize VALUES ('bel', 'ac'  , 023, 035);
INSERT INTO chapterSize VALUES ('bel', 'ac'  , 024, 027);
INSERT INTO chapterSize VALUES ('bel', 'ac'  , 025, 027);
INSERT INTO chapterSize VALUES ('bel', 'ac'  , 026, 032);
INSERT INTO chapterSize VALUES ('bel', 'ac'  , 027, 044);
INSERT INTO chapterSize VALUES ('bel', 'ac'  , 028, 031);
INSERT INTO chapterSize VALUES ('bel', 'jas' , 001, 027);
INSERT INTO chapterSize VALUES ('bel', 'jas' , 002, 026);
INSERT INTO chapterSize VALUES ('bel', 'jas' , 003, 018);
INSERT INTO chapterSize VALUES ('bel', 'jas' , 004, 017);
INSERT INTO chapterSize VALUES ('bel', 'jas' , 005, 020);
INSERT INTO chapterSize VALUES ('bel', '1pe' , 001, 025);
INSERT INTO chapterSize VALUES ('bel', '1pe' , 002, 025);
INSERT INTO chapterSize VALUES ('bel', '1pe' , 003, 022);
INSERT INTO chapterSize VALUES ('bel', '1pe' , 004, 019);
INSERT INTO chapterSize VALUES ('bel', '1pe' , 005, 014);
INSERT INTO chapterSize VALUES ('bel', '2pe' , 001, 021);
INSERT INTO chapterSize VALUES ('bel', '2pe' , 002, 022);
INSERT INTO chapterSize VALUES ('bel', '2pe' , 003, 018);
INSERT INTO chapterSize VALUES ('bel', '1jo' , 001, 010);
INSERT INTO chapterSize VALUES ('bel', '1jo' , 002, 029);
INSERT INTO chapterSize VALUES ('bel', '1jo' , 003, 024);
INSERT INTO chapterSize VALUES ('bel', '1jo' , 004, 021);
INSERT INTO chapterSize VALUES ('bel', '1jo' , 005, 021);
INSERT INTO chapterSize VALUES ('bel', '2jo' , 001, 013);
INSERT INTO chapterSize VALUES ('bel', '3jo' , 001, 015);
INSERT INTO chapterSize VALUES ('bel', 'jude', 001, 025);
INSERT INTO chapterSize VALUES ('bel', 'ro'  , 001, 032);
INSERT INTO chapterSize VALUES ('bel', 'ro'  , 002, 029);
INSERT INTO chapterSize VALUES ('bel', 'ro'  , 003, 031);
INSERT INTO chapterSize VALUES ('bel', 'ro'  , 004, 025);
INSERT INTO chapterSize VALUES ('bel', 'ro'  , 005, 021);
INSERT INTO chapterSize VALUES ('bel', 'ro'  , 006, 023);
INSERT INTO chapterSize VALUES ('bel', 'ro'  , 007, 024);
INSERT INTO chapterSize VALUES ('bel', 'ro'  , 008, 039);
INSERT INTO chapterSize VALUES ('bel', 'ro'  , 009, 033);
INSERT INTO chapterSize VALUES ('bel', 'ro'  , 010, 021);
INSERT INTO chapterSize VALUES ('bel', 'ro'  , 011, 036);
INSERT INTO chapterSize VALUES ('bel', 'ro'  , 012, 021);
INSERT INTO chapterSize VALUES ('bel', 'ro'  , 013, 014);
INSERT INTO chapterSize VALUES ('bel', 'ro'  , 014, 026);
INSERT INTO chapterSize VALUES ('bel', 'ro'  , 015, 033);
INSERT INTO chapterSize VALUES ('bel', 'ro'  , 016, 024);
INSERT INTO chapterSize VALUES ('bel', '1co' , 001, 031);
INSERT INTO chapterSize VALUES ('bel', '1co' , 002, 016);
INSERT INTO chapterSize VALUES ('bel', '1co' , 003, 023);
INSERT INTO chapterSize VALUES ('bel', '1co' , 004, 021);
INSERT INTO chapterSize VALUES ('bel', '1co' , 005, 013);
INSERT INTO chapterSize VALUES ('bel', '1co' , 006, 020);
INSERT INTO chapterSize VALUES ('bel', '1co' , 007, 040);
INSERT INTO chapterSize VALUES ('bel', '1co' , 008, 013);
INSERT INTO chapterSize VALUES ('bel', '1co' , 009, 027);
INSERT INTO chapterSize VALUES ('bel', '1co' , 010, 033);
INSERT INTO chapterSize VALUES ('bel', '1co' , 011, 034);
INSERT INTO chapterSize VALUES ('bel', '1co' , 012, 031);
INSERT INTO chapterSize VALUES ('bel', '1co' , 013, 013);
INSERT INTO chapterSize VALUES ('bel', '1co' , 014, 040);
INSERT INTO chapterSize VALUES ('bel', '1co' , 015, 058);
INSERT INTO chapterSize VALUES ('bel', '1co' , 016, 024);
INSERT INTO chapterSize VALUES ('bel', '2co' , 001, 024);
INSERT INTO chapterSize VALUES ('bel', '2co' , 002, 017);
INSERT INTO chapterSize VALUES ('bel', '2co' , 003, 018);
INSERT INTO chapterSize VALUES ('bel', '2co' , 004, 018);
INSERT INTO chapterSize VALUES ('bel', '2co' , 005, 021);
INSERT INTO chapterSize VALUES ('bel', '2co' , 006, 018);
INSERT INTO chapterSize VALUES ('bel', '2co' , 007, 016);
INSERT INTO chapterSize VALUES ('bel', '2co' , 008, 024);
INSERT INTO chapterSize VALUES ('bel', '2co' , 009, 015);
INSERT INTO chapterSize VALUES ('bel', '2co' , 010, 018);
INSERT INTO chapterSize VALUES ('bel', '2co' , 011, 032);
INSERT INTO chapterSize VALUES ('bel', '2co' , 012, 021);
INSERT INTO chapterSize VALUES ('bel', '2co' , 013, 013);
INSERT INTO chapterSize VALUES ('bel', 'ga'  , 001, 024);
INSERT INTO chapterSize VALUES ('bel', 'ga'  , 002, 021);
INSERT INTO chapterSize VALUES ('bel', 'ga'  , 003, 029);
INSERT INTO chapterSize VALUES ('bel', 'ga'  , 004, 031);
INSERT INTO chapterSize VALUES ('bel', 'ga'  , 005, 026);
INSERT INTO chapterSize VALUES ('bel', 'ga'  , 006, 018);
INSERT INTO chapterSize VALUES ('bel', 'eph' , 001, 023);
INSERT INTO chapterSize VALUES ('bel', 'eph' , 002, 022);
INSERT INTO chapterSize VALUES ('bel', 'eph' , 003, 021);
INSERT INTO chapterSize VALUES ('bel', 'eph' , 004, 032);
INSERT INTO chapterSize VALUES ('bel', 'eph' , 005, 033);
INSERT INTO chapterSize VALUES ('bel', 'eph' , 006, 024);
INSERT INTO chapterSize VALUES ('bel', 'php' , 001, 030);
INSERT INTO chapterSize VALUES ('bel', 'php' , 002, 030);
INSERT INTO chapterSize VALUES ('bel', 'php' , 003, 021);
INSERT INTO chapterSize VALUES ('bel', 'php' , 004, 023);
INSERT INTO chapterSize VALUES ('bel', 'col' , 001, 029);
INSERT INTO chapterSize VALUES ('bel', 'col' , 002, 023);
INSERT INTO chapterSize VALUES ('bel', 'col' , 003, 025);
INSERT INTO chapterSize VALUES ('bel', 'col' , 004, 018);
INSERT INTO chapterSize VALUES ('bel', '1th' , 001, 010);
INSERT INTO chapterSize VALUES ('bel', '1th' , 002, 020);
INSERT INTO chapterSize VALUES ('bel', '1th' , 003, 013);
INSERT INTO chapterSize VALUES ('bel', '1th' , 004, 018);
INSERT INTO chapterSize VALUES ('bel', '1th' , 005, 027);
INSERT INTO chapterSize VALUES ('bel', '2th' , 001, 012);
INSERT INTO chapterSize VALUES ('bel', '2th' , 002, 017);
INSERT INTO chapterSize VALUES ('bel', '2th' , 003, 018);
INSERT INTO chapterSize VALUES ('bel', '1ti' , 001, 020);
INSERT INTO chapterSize VALUES ('bel', '1ti' , 002, 015);
INSERT INTO chapterSize VALUES ('bel', '1ti' , 003, 016);
INSERT INTO chapterSize VALUES ('bel', '1ti' , 004, 016);
INSERT INTO chapterSize VALUES ('bel', '1ti' , 005, 025);
INSERT INTO chapterSize VALUES ('bel', '1ti' , 006, 021);
INSERT INTO chapterSize VALUES ('bel', '2ti' , 001, 018);
INSERT INTO chapterSize VALUES ('bel', '2ti' , 002, 026);
INSERT INTO chapterSize VALUES ('bel', '2ti' , 003, 017);
INSERT INTO chapterSize VALUES ('bel', '2ti' , 004, 022);
INSERT INTO chapterSize VALUES ('bel', 'tit' , 001, 016);
INSERT INTO chapterSize VALUES ('bel', 'tit' , 002, 015);
INSERT INTO chapterSize VALUES ('bel', 'tit' , 003, 015);
INSERT INTO chapterSize VALUES ('bel', 'phm' , 001, 024);
INSERT INTO chapterSize VALUES ('bel', 'heb' , 001, 014);
INSERT INTO chapterSize VALUES ('bel', 'heb' , 002, 018);
INSERT INTO chapterSize VALUES ('bel', 'heb' , 003, 019);
INSERT INTO chapterSize VALUES ('bel', 'heb' , 004, 016);
INSERT INTO chapterSize VALUES ('bel', 'heb' , 005, 014);
INSERT INTO chapterSize VALUES ('bel', 'heb' , 006, 020);
INSERT INTO chapterSize VALUES ('bel', 'heb' , 007, 028);
INSERT INTO chapterSize VALUES ('bel', 'heb' , 008, 013);
INSERT INTO chapterSize VALUES ('bel', 'heb' , 009, 028);
INSERT INTO chapterSize VALUES ('bel', 'heb' , 010, 039);
INSERT INTO chapterSize VALUES ('bel', 'heb' , 011, 040);
INSERT INTO chapterSize VALUES ('bel', 'heb' , 012, 029);
INSERT INTO chapterSize VALUES ('bel', 'heb' , 013, 025);
INSERT INTO chapterSize VALUES ('bel', 're'  , 001, 020);
INSERT INTO chapterSize VALUES ('bel', 're'  , 002, 029);
INSERT INTO chapterSize VALUES ('bel', 're'  , 003, 022);
INSERT INTO chapterSize VALUES ('bel', 're'  , 004, 011);
INSERT INTO chapterSize VALUES ('bel', 're'  , 005, 014);
INSERT INTO chapterSize VALUES ('bel', 're'  , 006, 017);
INSERT INTO chapterSize VALUES ('bel', 're'  , 007, 017);
INSERT INTO chapterSize VALUES ('bel', 're'  , 008, 013);
INSERT INTO chapterSize VALUES ('bel', 're'  , 009, 021);
INSERT INTO chapterSize VALUES ('bel', 're'  , 010, 011);
INSERT INTO chapterSize VALUES ('bel', 're'  , 011, 019);
INSERT INTO chapterSize VALUES ('bel', 're'  , 012, 017);
INSERT INTO chapterSize VALUES ('bel', 're'  , 013, 018);
INSERT INTO chapterSize VALUES ('bel', 're'  , 014, 020);
INSERT INTO chapterSize VALUES ('bel', 're'  , 015, 008);
INSERT INTO chapterSize VALUES ('bel', 're'  , 016, 021);
INSERT INTO chapterSize VALUES ('bel', 're'  , 017, 018);
INSERT INTO chapterSize VALUES ('bel', 're'  , 018, 024);
INSERT INTO chapterSize VALUES ('bel', 're'  , 019, 021);
INSERT INTO chapterSize VALUES ('bel', 're'  , 020, 015);
INSERT INTO chapterSize VALUES ('bel', 're'  , 021, 027);
INSERT INTO chapterSize VALUES ('bel', 're'  , 022, 021);

COMMIT;
