DROP TABLE IF EXISTS translations;
CREATE TABLE translations (
    transCode VARCHAR PRIMARY KEY,
    name VARCHAR,
    sourceUrl VARCHAR,
    copyright VARCHAR
);
BEGIN;

INSERT INTO translations VALUES ('rus', 'Синодальный перевод ??', 'http://bibleonline/bible/rus/', '');
INSERT INTO translations VALUES ('bel', 'Беларускі пераклад ??', 'http://bibleonline/bible/bel/', '');

COMMIT;



DROP TABLE IF EXISTS translationLangs;
CREATE TABLE translationLangs (
    transCode VARCHAR,
    langCode VARCHAR,
    PRIMARY KEY (transCode, langCode)
);
BEGIN;

INSERT INTO translationLangs VALUES ('rus', 'u');
INSERT INTO translationLangs VALUES ('bel', 'bel');

COMMIT;



DROP TABLE IF EXISTS books;
CREATE TABLE books (
    transCode VARCHAR,
    langCode VARCHAR,
    bookCode VARCHAR,
    bookNo INTEGER,
    bookName VARCHAR,
    PRIMARY KEY (transCode, langCode, bookCode)
);
BEGIN;

INSERT INTO books VALUES ('rus', 'u', 'ge', 1, 'Бытие');
INSERT INTO books VALUES ('rus', 'u', 'ex', 2, 'Исход');
INSERT INTO books VALUES ('rus', 'u', 'le', 3, 'Левит');
INSERT INTO books VALUES ('rus', 'u', 'nu', 4, 'Числа');
INSERT INTO books VALUES ('rus', 'u', 'de', 5, 'Второзаконие');
INSERT INTO books VALUES ('bel', 'bel', 'ge', 1, 'Быцьцё');
INSERT INTO books VALUES ('bel', 'bel', 'ex', 2, 'Выхад');
INSERT INTO books VALUES ('bel', 'bel', 'le', 3, 'Лявіт');
INSERT INTO books VALUES ('bel', 'bel', 'nu', 4, 'Лікі');
INSERT INTO books VALUES ('bel', 'bel', 'de', 5, 'Другі закон');

COMMIT;



DROP TABLE IF EXISTS chapterSize;
CREATE TABLE chapterSize (
    transCode VARCHAR,
    bookCode VARCHAR,
    chapterNo INTEGER,
    verseCount INTEGER,
    PRIMARY KEY (transCode, bookCode, chapterNo)
);
BEGIN;

INSERT INTO chapterSize VALUES ('rus', 'ge', 1, 31);
INSERT INTO chapterSize VALUES ('rus', 'ge', 2, 25);
INSERT INTO chapterSize VALUES ('rus', 'ge', 3, 24);
INSERT INTO chapterSize VALUES ('rus', 'ge', 4, 26);
INSERT INTO chapterSize VALUES ('rus', 'ge', 5, 32);
INSERT INTO chapterSize VALUES ('rus', 'ge', 6, 22);
INSERT INTO chapterSize VALUES ('rus', 'ge', 7, 24);
INSERT INTO chapterSize VALUES ('rus', 'ge', 8, 22);
INSERT INTO chapterSize VALUES ('rus', 'ge', 9, 29);
INSERT INTO chapterSize VALUES ('rus', 'ge', 10, 32);
INSERT INTO chapterSize VALUES ('rus', 'ge', 11, 32);
INSERT INTO chapterSize VALUES ('rus', 'ge', 12, 20);
INSERT INTO chapterSize VALUES ('rus', 'ge', 13, 18);
INSERT INTO chapterSize VALUES ('rus', 'ge', 14, 24);
INSERT INTO chapterSize VALUES ('rus', 'ge', 15, 21);
INSERT INTO chapterSize VALUES ('rus', 'ge', 16, 15);
INSERT INTO chapterSize VALUES ('rus', 'ge', 17, 27);
INSERT INTO chapterSize VALUES ('rus', 'ge', 18, 33);
INSERT INTO chapterSize VALUES ('rus', 'ge', 19, 38);
INSERT INTO chapterSize VALUES ('rus', 'ge', 20, 18);
INSERT INTO chapterSize VALUES ('rus', 'ge', 21, 34);
INSERT INTO chapterSize VALUES ('rus', 'ge', 22, 24);
INSERT INTO chapterSize VALUES ('rus', 'ge', 23, 20);
INSERT INTO chapterSize VALUES ('rus', 'ge', 24, 67);
INSERT INTO chapterSize VALUES ('rus', 'ge', 25, 34);
INSERT INTO chapterSize VALUES ('rus', 'ge', 26, 35);
INSERT INTO chapterSize VALUES ('rus', 'ge', 27, 46);
INSERT INTO chapterSize VALUES ('rus', 'ge', 28, 22);
INSERT INTO chapterSize VALUES ('rus', 'ge', 29, 35);
INSERT INTO chapterSize VALUES ('rus', 'ge', 30, 43);
INSERT INTO chapterSize VALUES ('rus', 'ge', 31, 55);
INSERT INTO chapterSize VALUES ('rus', 'ge', 32, 32);
INSERT INTO chapterSize VALUES ('rus', 'ge', 33, 20);
INSERT INTO chapterSize VALUES ('rus', 'ge', 34, 31);
INSERT INTO chapterSize VALUES ('rus', 'ge', 35, 29);
INSERT INTO chapterSize VALUES ('rus', 'ge', 36, 43);
INSERT INTO chapterSize VALUES ('rus', 'ge', 37, 36);
INSERT INTO chapterSize VALUES ('rus', 'ge', 38, 30);
INSERT INTO chapterSize VALUES ('rus', 'ge', 39, 23);
INSERT INTO chapterSize VALUES ('rus', 'ge', 40, 23);
INSERT INTO chapterSize VALUES ('rus', 'ge', 41, 56);
INSERT INTO chapterSize VALUES ('rus', 'ge', 42, 38);
INSERT INTO chapterSize VALUES ('rus', 'ge', 43, 34);
INSERT INTO chapterSize VALUES ('rus', 'ge', 44, 34);
INSERT INTO chapterSize VALUES ('rus', 'ge', 45, 28);
INSERT INTO chapterSize VALUES ('rus', 'ge', 46, 34);
INSERT INTO chapterSize VALUES ('rus', 'ge', 47, 31);
INSERT INTO chapterSize VALUES ('rus', 'ge', 48, 23);
INSERT INTO chapterSize VALUES ('rus', 'ge', 49, 33);
INSERT INTO chapterSize VALUES ('rus', 'ge', 50, 26);
INSERT INTO chapterSize VALUES ('rus', 'ex', 1, 22);
INSERT INTO chapterSize VALUES ('rus', 'ex', 2, 25);
INSERT INTO chapterSize VALUES ('rus', 'ex', 3, 22);
INSERT INTO chapterSize VALUES ('rus', 'ex', 4, 31);
INSERT INTO chapterSize VALUES ('rus', 'ex', 5, 23);
INSERT INTO chapterSize VALUES ('rus', 'ex', 6, 30);
INSERT INTO chapterSize VALUES ('rus', 'ex', 7, 25);
INSERT INTO chapterSize VALUES ('rus', 'ex', 8, 32);
INSERT INTO chapterSize VALUES ('rus', 'ex', 9, 35);
INSERT INTO chapterSize VALUES ('rus', 'ex', 10, 29);
INSERT INTO chapterSize VALUES ('rus', 'ex', 11, 10);
INSERT INTO chapterSize VALUES ('rus', 'ex', 12, 51);
INSERT INTO chapterSize VALUES ('rus', 'ex', 13, 22);
INSERT INTO chapterSize VALUES ('rus', 'ex', 14, 31);
INSERT INTO chapterSize VALUES ('rus', 'ex', 15, 27);
INSERT INTO chapterSize VALUES ('rus', 'ex', 16, 36);
INSERT INTO chapterSize VALUES ('rus', 'ex', 17, 16);
INSERT INTO chapterSize VALUES ('rus', 'ex', 18, 27);
INSERT INTO chapterSize VALUES ('rus', 'ex', 19, 25);
INSERT INTO chapterSize VALUES ('rus', 'ex', 20, 26);
INSERT INTO chapterSize VALUES ('rus', 'ex', 21, 36);
INSERT INTO chapterSize VALUES ('rus', 'ex', 22, 31);
INSERT INTO chapterSize VALUES ('rus', 'ex', 23, 33);
INSERT INTO chapterSize VALUES ('rus', 'ex', 24, 18);
INSERT INTO chapterSize VALUES ('rus', 'ex', 25, 40);
INSERT INTO chapterSize VALUES ('rus', 'ex', 26, 37);
INSERT INTO chapterSize VALUES ('rus', 'ex', 27, 21);
INSERT INTO chapterSize VALUES ('rus', 'ex', 28, 43);
INSERT INTO chapterSize VALUES ('rus', 'ex', 29, 46);
INSERT INTO chapterSize VALUES ('rus', 'ex', 30, 38);
INSERT INTO chapterSize VALUES ('rus', 'ex', 31, 18);
INSERT INTO chapterSize VALUES ('rus', 'ex', 32, 35);
INSERT INTO chapterSize VALUES ('rus', 'ex', 33, 23);
INSERT INTO chapterSize VALUES ('rus', 'ex', 34, 35);
INSERT INTO chapterSize VALUES ('rus', 'ex', 35, 35);
INSERT INTO chapterSize VALUES ('rus', 'ex', 36, 38);
INSERT INTO chapterSize VALUES ('rus', 'ex', 37, 29);
INSERT INTO chapterSize VALUES ('rus', 'ex', 38, 31);
INSERT INTO chapterSize VALUES ('rus', 'ex', 39, 43);
INSERT INTO chapterSize VALUES ('rus', 'ex', 40, 38);
INSERT INTO chapterSize VALUES ('rus', 'le', 1, 17);
INSERT INTO chapterSize VALUES ('rus', 'le', 2, 16);
INSERT INTO chapterSize VALUES ('rus', 'le', 3, 17);
INSERT INTO chapterSize VALUES ('rus', 'le', 4, 35);
INSERT INTO chapterSize VALUES ('rus', 'le', 5, 19);
INSERT INTO chapterSize VALUES ('rus', 'le', 6, 30);
INSERT INTO chapterSize VALUES ('rus', 'le', 7, 38);
INSERT INTO chapterSize VALUES ('rus', 'le', 8, 36);
INSERT INTO chapterSize VALUES ('rus', 'le', 9, 24);
INSERT INTO chapterSize VALUES ('rus', 'le', 10, 20);
INSERT INTO chapterSize VALUES ('rus', 'le', 11, 47);
INSERT INTO chapterSize VALUES ('rus', 'le', 12, 8);
INSERT INTO chapterSize VALUES ('rus', 'le', 13, 59);
INSERT INTO chapterSize VALUES ('rus', 'le', 14, 56);
INSERT INTO chapterSize VALUES ('rus', 'le', 15, 33);
INSERT INTO chapterSize VALUES ('rus', 'le', 16, 34);
INSERT INTO chapterSize VALUES ('rus', 'le', 17, 16);
INSERT INTO chapterSize VALUES ('rus', 'le', 18, 31);
INSERT INTO chapterSize VALUES ('rus', 'le', 19, 37);
INSERT INTO chapterSize VALUES ('rus', 'le', 20, 27);
INSERT INTO chapterSize VALUES ('rus', 'le', 21, 24);
INSERT INTO chapterSize VALUES ('rus', 'le', 22, 33);
INSERT INTO chapterSize VALUES ('rus', 'le', 23, 44);
INSERT INTO chapterSize VALUES ('rus', 'le', 24, 23);
INSERT INTO chapterSize VALUES ('rus', 'le', 25, 55);
INSERT INTO chapterSize VALUES ('rus', 'le', 26, 46);
INSERT INTO chapterSize VALUES ('rus', 'le', 27, 34);
INSERT INTO chapterSize VALUES ('rus', 'nu', 1, 54);
INSERT INTO chapterSize VALUES ('rus', 'nu', 2, 34);
INSERT INTO chapterSize VALUES ('rus', 'nu', 3, 51);
INSERT INTO chapterSize VALUES ('rus', 'nu', 4, 49);
INSERT INTO chapterSize VALUES ('rus', 'nu', 5, 31);
INSERT INTO chapterSize VALUES ('rus', 'nu', 6, 27);
INSERT INTO chapterSize VALUES ('rus', 'nu', 7, 89);
INSERT INTO chapterSize VALUES ('rus', 'nu', 8, 26);
INSERT INTO chapterSize VALUES ('rus', 'nu', 9, 23);
INSERT INTO chapterSize VALUES ('rus', 'nu', 10, 36);
INSERT INTO chapterSize VALUES ('rus', 'nu', 11, 35);
INSERT INTO chapterSize VALUES ('rus', 'nu', 12, 15);
INSERT INTO chapterSize VALUES ('rus', 'nu', 13, 34);
INSERT INTO chapterSize VALUES ('rus', 'nu', 14, 45);
INSERT INTO chapterSize VALUES ('rus', 'nu', 15, 41);
INSERT INTO chapterSize VALUES ('rus', 'nu', 16, 50);
INSERT INTO chapterSize VALUES ('rus', 'nu', 17, 13);
INSERT INTO chapterSize VALUES ('rus', 'nu', 18, 32);
INSERT INTO chapterSize VALUES ('rus', 'nu', 19, 22);
INSERT INTO chapterSize VALUES ('rus', 'nu', 20, 29);
INSERT INTO chapterSize VALUES ('rus', 'nu', 21, 35);
INSERT INTO chapterSize VALUES ('rus', 'nu', 22, 41);
INSERT INTO chapterSize VALUES ('rus', 'nu', 23, 30);
INSERT INTO chapterSize VALUES ('rus', 'nu', 24, 25);
INSERT INTO chapterSize VALUES ('rus', 'nu', 25, 18);
INSERT INTO chapterSize VALUES ('rus', 'nu', 26, 65);
INSERT INTO chapterSize VALUES ('rus', 'nu', 27, 23);
INSERT INTO chapterSize VALUES ('rus', 'nu', 28, 31);
INSERT INTO chapterSize VALUES ('rus', 'nu', 29, 39);
INSERT INTO chapterSize VALUES ('rus', 'nu', 30, 17);
INSERT INTO chapterSize VALUES ('rus', 'nu', 31, 54);
INSERT INTO chapterSize VALUES ('rus', 'nu', 32, 42);
INSERT INTO chapterSize VALUES ('rus', 'nu', 33, 56);
INSERT INTO chapterSize VALUES ('rus', 'nu', 34, 29);
INSERT INTO chapterSize VALUES ('rus', 'nu', 35, 34);
INSERT INTO chapterSize VALUES ('rus', 'nu', 36, 13);
INSERT INTO chapterSize VALUES ('rus', 'de', 1, 46);
INSERT INTO chapterSize VALUES ('rus', 'de', 2, 37);
INSERT INTO chapterSize VALUES ('rus', 'de', 3, 29);
INSERT INTO chapterSize VALUES ('rus', 'de', 4, 49);
INSERT INTO chapterSize VALUES ('rus', 'de', 5, 33);
INSERT INTO chapterSize VALUES ('rus', 'de', 6, 25);
INSERT INTO chapterSize VALUES ('rus', 'de', 7, 26);
INSERT INTO chapterSize VALUES ('rus', 'de', 8, 20);
INSERT INTO chapterSize VALUES ('rus', 'de', 9, 29);
INSERT INTO chapterSize VALUES ('rus', 'de', 10, 22);
INSERT INTO chapterSize VALUES ('rus', 'de', 11, 32);
INSERT INTO chapterSize VALUES ('rus', 'de', 12, 32);
INSERT INTO chapterSize VALUES ('rus', 'de', 13, 18);
INSERT INTO chapterSize VALUES ('rus', 'de', 14, 29);
INSERT INTO chapterSize VALUES ('rus', 'de', 15, 23);
INSERT INTO chapterSize VALUES ('rus', 'de', 16, 22);
INSERT INTO chapterSize VALUES ('rus', 'de', 17, 20);
INSERT INTO chapterSize VALUES ('rus', 'de', 18, 22);
INSERT INTO chapterSize VALUES ('rus', 'de', 19, 21);
INSERT INTO chapterSize VALUES ('rus', 'de', 20, 20);
INSERT INTO chapterSize VALUES ('rus', 'de', 21, 23);
INSERT INTO chapterSize VALUES ('rus', 'de', 22, 30);
INSERT INTO chapterSize VALUES ('rus', 'de', 23, 25);
INSERT INTO chapterSize VALUES ('rus', 'de', 24, 22);
INSERT INTO chapterSize VALUES ('rus', 'de', 25, 19);
INSERT INTO chapterSize VALUES ('rus', 'de', 26, 19);
INSERT INTO chapterSize VALUES ('rus', 'de', 27, 26);
INSERT INTO chapterSize VALUES ('rus', 'de', 28, 68);
INSERT INTO chapterSize VALUES ('rus', 'de', 29, 29);
INSERT INTO chapterSize VALUES ('rus', 'de', 30, 20);
INSERT INTO chapterSize VALUES ('rus', 'de', 31, 30);
INSERT INTO chapterSize VALUES ('rus', 'de', 32, 52);
INSERT INTO chapterSize VALUES ('rus', 'de', 33, 29);
INSERT INTO chapterSize VALUES ('rus', 'de', 34, 12);
INSERT INTO chapterSize VALUES ('bel', 'ge', 1, 31);
INSERT INTO chapterSize VALUES ('bel', 'ge', 2, 25);
INSERT INTO chapterSize VALUES ('bel', 'ge', 3, 24);
INSERT INTO chapterSize VALUES ('bel', 'ge', 4, 26);
INSERT INTO chapterSize VALUES ('bel', 'ge', 5, 32);
INSERT INTO chapterSize VALUES ('bel', 'ge', 6, 22);
INSERT INTO chapterSize VALUES ('bel', 'ge', 7, 24);
INSERT INTO chapterSize VALUES ('bel', 'ge', 8, 22);
INSERT INTO chapterSize VALUES ('bel', 'ge', 9, 29);
INSERT INTO chapterSize VALUES ('bel', 'ge', 10, 32);
INSERT INTO chapterSize VALUES ('bel', 'ge', 11, 32);
INSERT INTO chapterSize VALUES ('bel', 'ge', 12, 20);
INSERT INTO chapterSize VALUES ('bel', 'ge', 13, 18);
INSERT INTO chapterSize VALUES ('bel', 'ge', 14, 24);
INSERT INTO chapterSize VALUES ('bel', 'ge', 15, 21);
INSERT INTO chapterSize VALUES ('bel', 'ge', 16, 15);
INSERT INTO chapterSize VALUES ('bel', 'ge', 17, 27);
INSERT INTO chapterSize VALUES ('bel', 'ge', 18, 33);
INSERT INTO chapterSize VALUES ('bel', 'ge', 19, 38);
INSERT INTO chapterSize VALUES ('bel', 'ge', 20, 18);
INSERT INTO chapterSize VALUES ('bel', 'ge', 21, 34);
INSERT INTO chapterSize VALUES ('bel', 'ge', 22, 24);
INSERT INTO chapterSize VALUES ('bel', 'ge', 23, 20);
INSERT INTO chapterSize VALUES ('bel', 'ge', 24, 67);
INSERT INTO chapterSize VALUES ('bel', 'ge', 25, 34);
INSERT INTO chapterSize VALUES ('bel', 'ge', 26, 35);
INSERT INTO chapterSize VALUES ('bel', 'ge', 27, 46);
INSERT INTO chapterSize VALUES ('bel', 'ge', 28, 22);
INSERT INTO chapterSize VALUES ('bel', 'ge', 29, 35);
INSERT INTO chapterSize VALUES ('bel', 'ge', 30, 43);
INSERT INTO chapterSize VALUES ('bel', 'ge', 31, 55);
INSERT INTO chapterSize VALUES ('bel', 'ge', 32, 32);
INSERT INTO chapterSize VALUES ('bel', 'ge', 33, 20);
INSERT INTO chapterSize VALUES ('bel', 'ge', 34, 31);
INSERT INTO chapterSize VALUES ('bel', 'ge', 35, 29);
INSERT INTO chapterSize VALUES ('bel', 'ge', 36, 43);
INSERT INTO chapterSize VALUES ('bel', 'ge', 37, 36);
INSERT INTO chapterSize VALUES ('bel', 'ge', 38, 30);
INSERT INTO chapterSize VALUES ('bel', 'ge', 39, 23);
INSERT INTO chapterSize VALUES ('bel', 'ge', 40, 23);
INSERT INTO chapterSize VALUES ('bel', 'ge', 41, 56);
INSERT INTO chapterSize VALUES ('bel', 'ge', 42, 38);
INSERT INTO chapterSize VALUES ('bel', 'ge', 43, 34);
INSERT INTO chapterSize VALUES ('bel', 'ge', 44, 34);
INSERT INTO chapterSize VALUES ('bel', 'ge', 45, 28);
INSERT INTO chapterSize VALUES ('bel', 'ge', 46, 34);
INSERT INTO chapterSize VALUES ('bel', 'ge', 47, 31);
INSERT INTO chapterSize VALUES ('bel', 'ge', 48, 23);
INSERT INTO chapterSize VALUES ('bel', 'ge', 49, 33);
INSERT INTO chapterSize VALUES ('bel', 'ge', 50, 26);
INSERT INTO chapterSize VALUES ('bel', 'ex', 1, 22);
INSERT INTO chapterSize VALUES ('bel', 'ex', 2, 25);
INSERT INTO chapterSize VALUES ('bel', 'ex', 3, 22);
INSERT INTO chapterSize VALUES ('bel', 'ex', 4, 31);
INSERT INTO chapterSize VALUES ('bel', 'ex', 5, 23);
INSERT INTO chapterSize VALUES ('bel', 'ex', 6, 30);
INSERT INTO chapterSize VALUES ('bel', 'ex', 7, 25);
INSERT INTO chapterSize VALUES ('bel', 'ex', 8, 32);
INSERT INTO chapterSize VALUES ('bel', 'ex', 9, 35);
INSERT INTO chapterSize VALUES ('bel', 'ex', 10, 29);
INSERT INTO chapterSize VALUES ('bel', 'ex', 11, 10);
INSERT INTO chapterSize VALUES ('bel', 'ex', 12, 51);
INSERT INTO chapterSize VALUES ('bel', 'ex', 13, 22);
INSERT INTO chapterSize VALUES ('bel', 'ex', 14, 31);
INSERT INTO chapterSize VALUES ('bel', 'ex', 15, 27);
INSERT INTO chapterSize VALUES ('bel', 'ex', 16, 36);
INSERT INTO chapterSize VALUES ('bel', 'ex', 17, 16);
INSERT INTO chapterSize VALUES ('bel', 'ex', 18, 27);
INSERT INTO chapterSize VALUES ('bel', 'ex', 19, 25);
INSERT INTO chapterSize VALUES ('bel', 'ex', 20, 26);
INSERT INTO chapterSize VALUES ('bel', 'ex', 21, 36);
INSERT INTO chapterSize VALUES ('bel', 'ex', 22, 31);
INSERT INTO chapterSize VALUES ('bel', 'ex', 23, 33);
INSERT INTO chapterSize VALUES ('bel', 'ex', 24, 18);
INSERT INTO chapterSize VALUES ('bel', 'ex', 25, 40);
INSERT INTO chapterSize VALUES ('bel', 'ex', 26, 37);
INSERT INTO chapterSize VALUES ('bel', 'ex', 27, 21);
INSERT INTO chapterSize VALUES ('bel', 'ex', 28, 43);
INSERT INTO chapterSize VALUES ('bel', 'ex', 29, 46);
INSERT INTO chapterSize VALUES ('bel', 'ex', 30, 38);
INSERT INTO chapterSize VALUES ('bel', 'ex', 31, 18);
INSERT INTO chapterSize VALUES ('bel', 'ex', 32, 35);
INSERT INTO chapterSize VALUES ('bel', 'ex', 33, 23);
INSERT INTO chapterSize VALUES ('bel', 'ex', 34, 35);
INSERT INTO chapterSize VALUES ('bel', 'ex', 35, 35);
INSERT INTO chapterSize VALUES ('bel', 'ex', 36, 38);
INSERT INTO chapterSize VALUES ('bel', 'ex', 37, 29);
INSERT INTO chapterSize VALUES ('bel', 'ex', 38, 31);
INSERT INTO chapterSize VALUES ('bel', 'ex', 39, 43);
INSERT INTO chapterSize VALUES ('bel', 'ex', 40, 38);
INSERT INTO chapterSize VALUES ('bel', 'le', 1, 17);
INSERT INTO chapterSize VALUES ('bel', 'le', 2, 16);
INSERT INTO chapterSize VALUES ('bel', 'le', 3, 17);
INSERT INTO chapterSize VALUES ('bel', 'le', 4, 35);
INSERT INTO chapterSize VALUES ('bel', 'le', 5, 19);
INSERT INTO chapterSize VALUES ('bel', 'le', 6, 30);
INSERT INTO chapterSize VALUES ('bel', 'le', 7, 38);
INSERT INTO chapterSize VALUES ('bel', 'le', 8, 36);
INSERT INTO chapterSize VALUES ('bel', 'le', 9, 24);
INSERT INTO chapterSize VALUES ('bel', 'le', 10, 20);
INSERT INTO chapterSize VALUES ('bel', 'le', 11, 47);
INSERT INTO chapterSize VALUES ('bel', 'le', 12, 8);
INSERT INTO chapterSize VALUES ('bel', 'le', 13, 59);
INSERT INTO chapterSize VALUES ('bel', 'le', 14, 56);
INSERT INTO chapterSize VALUES ('bel', 'le', 15, 33);
INSERT INTO chapterSize VALUES ('bel', 'le', 16, 34);
INSERT INTO chapterSize VALUES ('bel', 'le', 17, 16);
INSERT INTO chapterSize VALUES ('bel', 'le', 18, 31);
INSERT INTO chapterSize VALUES ('bel', 'le', 19, 37);
INSERT INTO chapterSize VALUES ('bel', 'le', 20, 27);
INSERT INTO chapterSize VALUES ('bel', 'le', 21, 24);
INSERT INTO chapterSize VALUES ('bel', 'le', 22, 33);
INSERT INTO chapterSize VALUES ('bel', 'le', 23, 44);
INSERT INTO chapterSize VALUES ('bel', 'le', 24, 23);
INSERT INTO chapterSize VALUES ('bel', 'le', 25, 55);
INSERT INTO chapterSize VALUES ('bel', 'le', 26, 46);
INSERT INTO chapterSize VALUES ('bel', 'le', 27, 34);
INSERT INTO chapterSize VALUES ('bel', 'nu', 1, 54);
INSERT INTO chapterSize VALUES ('bel', 'nu', 2, 34);
INSERT INTO chapterSize VALUES ('bel', 'nu', 3, 51);
INSERT INTO chapterSize VALUES ('bel', 'nu', 4, 49);
INSERT INTO chapterSize VALUES ('bel', 'nu', 5, 31);
INSERT INTO chapterSize VALUES ('bel', 'nu', 6, 27);
INSERT INTO chapterSize VALUES ('bel', 'nu', 7, 89);
INSERT INTO chapterSize VALUES ('bel', 'nu', 8, 26);
INSERT INTO chapterSize VALUES ('bel', 'nu', 9, 23);
INSERT INTO chapterSize VALUES ('bel', 'nu', 10, 36);
INSERT INTO chapterSize VALUES ('bel', 'nu', 11, 35);
INSERT INTO chapterSize VALUES ('bel', 'nu', 12, 15);
INSERT INTO chapterSize VALUES ('bel', 'nu', 13, 34);
INSERT INTO chapterSize VALUES ('bel', 'nu', 14, 45);
INSERT INTO chapterSize VALUES ('bel', 'nu', 15, 41);
INSERT INTO chapterSize VALUES ('bel', 'nu', 16, 50);
INSERT INTO chapterSize VALUES ('bel', 'nu', 17, 13);
INSERT INTO chapterSize VALUES ('bel', 'nu', 18, 32);
INSERT INTO chapterSize VALUES ('bel', 'nu', 19, 22);
INSERT INTO chapterSize VALUES ('bel', 'nu', 20, 29);
INSERT INTO chapterSize VALUES ('bel', 'nu', 21, 35);
INSERT INTO chapterSize VALUES ('bel', 'nu', 22, 41);
INSERT INTO chapterSize VALUES ('bel', 'nu', 23, 30);
INSERT INTO chapterSize VALUES ('bel', 'nu', 24, 25);
INSERT INTO chapterSize VALUES ('bel', 'nu', 25, 18);
INSERT INTO chapterSize VALUES ('bel', 'nu', 26, 65);
INSERT INTO chapterSize VALUES ('bel', 'nu', 27, 23);
INSERT INTO chapterSize VALUES ('bel', 'nu', 28, 31);
INSERT INTO chapterSize VALUES ('bel', 'nu', 29, 39);
INSERT INTO chapterSize VALUES ('bel', 'nu', 30, 17);
INSERT INTO chapterSize VALUES ('bel', 'nu', 31, 54);
INSERT INTO chapterSize VALUES ('bel', 'nu', 32, 42);
INSERT INTO chapterSize VALUES ('bel', 'nu', 33, 56);
INSERT INTO chapterSize VALUES ('bel', 'nu', 34, 29);
INSERT INTO chapterSize VALUES ('bel', 'nu', 35, 34);
INSERT INTO chapterSize VALUES ('bel', 'nu', 36, 13);
INSERT INTO chapterSize VALUES ('bel', 'de', 1, 46);
INSERT INTO chapterSize VALUES ('bel', 'de', 2, 37);
INSERT INTO chapterSize VALUES ('bel', 'de', 3, 29);
INSERT INTO chapterSize VALUES ('bel', 'de', 4, 49);
INSERT INTO chapterSize VALUES ('bel', 'de', 5, 33);
INSERT INTO chapterSize VALUES ('bel', 'de', 6, 25);
INSERT INTO chapterSize VALUES ('bel', 'de', 7, 26);
INSERT INTO chapterSize VALUES ('bel', 'de', 8, 20);
INSERT INTO chapterSize VALUES ('bel', 'de', 9, 29);
INSERT INTO chapterSize VALUES ('bel', 'de', 10, 22);
INSERT INTO chapterSize VALUES ('bel', 'de', 11, 32);
INSERT INTO chapterSize VALUES ('bel', 'de', 12, 32);
INSERT INTO chapterSize VALUES ('bel', 'de', 13, 18);
INSERT INTO chapterSize VALUES ('bel', 'de', 14, 29);
INSERT INTO chapterSize VALUES ('bel', 'de', 15, 23);
INSERT INTO chapterSize VALUES ('bel', 'de', 16, 22);
INSERT INTO chapterSize VALUES ('bel', 'de', 17, 20);
INSERT INTO chapterSize VALUES ('bel', 'de', 18, 22);
INSERT INTO chapterSize VALUES ('bel', 'de', 19, 21);
INSERT INTO chapterSize VALUES ('bel', 'de', 20, 20);
INSERT INTO chapterSize VALUES ('bel', 'de', 21, 23);
INSERT INTO chapterSize VALUES ('bel', 'de', 22, 30);
INSERT INTO chapterSize VALUES ('bel', 'de', 23, 25);
INSERT INTO chapterSize VALUES ('bel', 'de', 24, 22);
INSERT INTO chapterSize VALUES ('bel', 'de', 25, 19);
INSERT INTO chapterSize VALUES ('bel', 'de', 26, 19);
INSERT INTO chapterSize VALUES ('bel', 'de', 27, 26);
INSERT INTO chapterSize VALUES ('bel', 'de', 28, 68);
INSERT INTO chapterSize VALUES ('bel', 'de', 29, 29);
INSERT INTO chapterSize VALUES ('bel', 'de', 30, 20);
INSERT INTO chapterSize VALUES ('bel', 'de', 31, 30);
INSERT INTO chapterSize VALUES ('bel', 'de', 32, 52);
INSERT INTO chapterSize VALUES ('bel', 'de', 33, 29);
INSERT INTO chapterSize VALUES ('bel', 'de', 34, 12);

COMMIT;
